ModelReleaseYear,Make,ModelReleaseVersion,Model,Variant,EngineDisplacement,EngineConfiguration,EngineInduction,FwdGearsNo,TransmissionTypeDescription,SideDoorNo,SeatingCapacity,BodyStyle,DrivingWheelsNo,FuelType,CO2EmissionsCombined,CO2EmissionsUrban,CO2EmissionsExtraUrban,FuelConsumptionCombined,FuelConsumptionUrban,FuelConsumptionExtraUrban,EnergyConsumptionWhkm,ElectricRangeKm,AirPollutionStandard,StationaryNoiseData,TestSpeed,IsCurrentModel,ModelEndYear,FuelLifeCycleCO2,AnnualTailpipeCO2,Test Cycle,AnnualFuelCost
2023,BMW,G09,XM,Label,4.4,8cyl,Turbo,8,Auto,4,4,Wagon,4,Electric/Petrol 98RON,61,273,,2.7,12,,304,98,Euro 6,92,3750,Yes,0,288,0.85,,1987
2023,BMW,G09,XM,,4.4,8cyl,Turbo,8,Auto,4,5,Wagon,4,Electric/Petrol 98RON,61,273,,2.7,12,,304,98,Euro 6,92,3750,Yes,0,288,0.85,,1987
2012,Porsche,,Panamera,S Hybrid Low Emission Tyre,3,6cyl,Normal,8,Auto,4,4,Sedan,2,Electric/Petrol 98RON,160,173,153,6.8,7.4,6.6,,,Euro 5,73,3750,No,2013,197,2.24,,1790
2012,Porsche,,Panamera,S Hybrid,3,6cyl,Normal,8,Auto,4,4,Sedan,2,Electric/Petrol 98RON,167,178,158,7.1,7.6,6.8,,,Euro 5,73,3750,No,2013,206,2.34,,1869
2021,Volkswagen,MY22,Golf,R 235TSI,2,4cyl,Turbo,7,Auto,4,5,Wagon,4,Electric/Petrol 98RON,168,211,142,7.3,9.2,6.2,,,Euro 6,85,3750,No,2022,212,2.35,,1921
2019,Lotus,Type 111,Elise Cup 250,1111Ad,1.8,4cyl,Supercharged,6,Manual,2,2,Convertible,2,Electric/Petrol 98RON,175,236,139,7.7,10.4,6.1,,,Euro 6,91,3751,Yes,0,223,2.45,,2027
2022,BMW,7 Series,G70,740i,3,6cyl,Turbo,8,Auto,4,5,Sedan,2,Electric/Petrol 98RON,179,223,154,7.9,9.9,6.8,,,Euro 6,77,3750,Yes,0,229,2.51,,2079
2012,Porsche,E2,Cayenne,Hybrid,3,6cyl,Normal,8,Auto,4,5,Wagon,4,Electric/Petrol 98RON,193,203,184,8.2,8.7,7.9,,,Euro 5,74,3750,No,2014,238,2.7,,2158
2011,Porsche,E2,Cayenne,Hybrid,3,6cyl,Normal,8,Auto,4,5,Wagon,4,Electric/Petrol 98RON,193,203,184,8.2,8.7,7.9,,,Euro 4,74,3750,No,2011,238,2.7,,2158
2022,BMW,G07,X7,M60i xDrive,4.4,8cyl,Turbo,8,Auto,4,7,Wagon,4,Electric/Petrol 98RON,277,366,225,12.2,16.1,9.9,,,Euro 6,83,3750,Yes,0,354,3.88,,3211
2023,BMW,G07,Alpina,XB7,4.4,8cyl,Turbo,8,Auto,4,7,Wagon,4,Electric/Petrol 98RON,279,383,219,12.3,16.9,9.7,,,Euro 6,83,3750,Yes,0,357,3.91,,3237
2023,BMW,F95,X5 M,X5 M Competition,4.4,8cyl,Turbo,8,Auto,4,5,Wagon,4,Electric/Petrol 98RON,285,398,219,12.5,17.6,9.6,,,Euro 6,92,3750,Yes,0,363,3.99,,3290
2023,BMW,F96,X6 M,X6 M Competition,4.4,8cyl,Turbo,8,Auto,4,5,Sedan,4,Electric/Petrol 98RON,285,398,219,12.5,17.6,9.6,,,Euro 6,92,3750,Yes,0,363,3.99,,3290
2023,Cupra,MY24,Formentor,VZE 180 PHEV,1.4,4cyl,Turbo,6,Auto,4,5,SUV,2,Electric/Petrol 95RON,43,,,1.9,,,141,58,Euro 6,72,3750,Yes,0,152,0.6,,1071
2023,Cupra,MY23,Formentor,VZE 180 PHEV,1.4,4cyl,Turbo,6,Auto,4,5,SUV,2,Electric/Petrol 95RON,43,,,1.9,,,141,58,Euro 6,72,3750,No,2025,152,0.6,,1071
2024,Suzuki,,Swift,GL,1.2,3cyl,Normal,5,Manual,4,5,Hatch,2,Electric/Petrol 95RON,85,93,81,3.8,4.1,3.6,,,Euro 5,74,3750,Yes,0,110,1.19,,958
2009,Toyota,,Prius,,1.8,4cyl,Normal,1,CVT,4,5,Hatch,2,Electric/Petrol 95RON,89,90,86,3.9,3.9,3.7,,,Euro 4,70,3900,No,2009,113,1.25,,983
2009,Toyota,,Prius,Hybrid,1.8,4cyl,Normal,1,CVT,4,5,Hatch,2,Electric/Petrol 95RON,89,90,86,3.9,3.9,3.7,,,Euro 4,70,3900,No,2016,113,1.25,,983
2012,Toyota,,Prius C,Hybrid,1.5,4cyl,Normal,1,CVT,4,5,Hatch,2,Electric/Petrol 95RON,90,86,88,3.9,3.7,3.8,,,Euro 4,77,2500,No,2015,113,1.26,,983
2024,Suzuki,,Swift,GL/GL+/GLX,1.2,3cyl,Normal,1,CVT,4,5,Hatch,2,Electric/Petrol 95RON,90,98,85,4,4.3,3.8,,,Euro 5,73,3750,Yes,0,116,1.26,,1008
2024,Toyota,,CAMRY,,2.5,4cyl,Normal,1,CVT,4,5,Sedan,2,Electric/Petrol 95RON,91,91,91,4,4,4,,,Euro 6,78,2500,Yes,0,116,1.27,,1008
2025,Alfa Romeo,,Junior,Ibrida,1.2,3cyl,Turbo,6,Auto,4,5,SUV,2,Electric/Petrol 95RON,92,76,102,4.1,3.4,4.5,,,Euro 6,73,3325,Yes,0,119,1.29,,1033
2014,Lexus,,CT200h,Hybrid,1.8,4cyl,Normal,1,CVT,4,5,Hatch,2,Electric/Petrol 95RON,95,93,95,4.1,4,4.1,,,Euro 5,67,3900,No,2014,119,1.33,,1033
2014,Lexus,,CT200h,Hybrid,1.8,4cyl,Normal,1,CVT,4,5,Hatch,2,Electric/Petrol 95RON,95,93,95,4.1,4,4.1,,,Euro 5,67,3900,No,2021,119,1.33,,1033
2011,Lexus,,CT200h,Hybrid,1.8,4cyl,Normal,1,CVT,4,5,Hatch,2,Electric/Petrol 95RON,95,93,95,4.1,4,4.1,,,Euro 4,67,3900,No,2014,119,1.33,,1033
2016,Toyota,,Corolla,,1.8,4cyl,Normal,1,CVT,4,5,Hatch,2,Electric/Petrol 95RON,96,91,95,4.1,3.9,4.1,,,Euro 5,69,2500,No,2018,119,1.34,,1033
2022,Toyota,,Camry,Ascent,2.5,4cyl,Normal,1,CVT,4,5,Sedan,2,Electric/Petrol 95RON,96,98,96,4.2,4.3,4.2,,,Euro 6,77,2500,Yes,0,122,1.34,,1058
2022,Toyota,,Camry,Ascent Sport,2.5,4cyl,Normal,1,CVT,4,5,Sedan,2,Electric/Petrol 95RON,96,98,96,4.2,4.3,4.2,,,Euro 6,77,2500,Yes,0,122,1.34,,1058
2020,Toyota,,Camry,Ascent,2.5,4cyl,Normal,1,CVT,4,5,Sedan,2,Electric/Petrol 95RON,96,98,96,4.2,4.3,4.2,,,Euro 6,77,2500,No,2022,122,1.34,,1058
2020,Toyota,,Camry,Ascent Sport,2.5,4cyl,Normal,1,CVT,4,5,Sedan,2,Electric/Petrol 95RON,96,98,96,4.2,4.3,4.2,,,Euro 6,77,2500,No,2022,122,1.34,,1058
2017,Toyota,,Camry,Ascent,2.5,4cyl,Normal,1,CVT,4,5,Sedan,2,Electric/Petrol 95RON,96,106,96,4.2,4.7,4.2,,,Euro 5,77,2500,No,2020,122,1.34,,1058
2017,Toyota,,Camry,Ascent Sport,2.5,4cyl,Normal,1,CVT,4,5,Sedan,2,Electric/Petrol 95RON,96,106,96,4.2,4.7,4.2,,,Euro 5,77,2500,No,2020,122,1.34,,1058
2015,Toyota,,Prius v,Hybrid,1.8,4cyl,Normal,1,CVT,4,7,Wagon,2,Electric/Petrol 95RON,101,96,100,4.4,4.2,4.3,,,Euro 5,75,2500,Yes,0,128,1.41,,1109
2012,Toyota,,Prius v,Hybrid,1.8,4cyl,Normal,1,CVT,4,7,Wagon,2,Electric/Petrol 95RON,101,96,100,4.4,4.2,4.3,,,Euro 4,75,2500,No,2015,128,1.41,,1109
2026,Toyota,,RAV4,HEV 2WD,2.5,4cyl,Normal,1,CVT,4,5,Wagon,2,Electric/Petrol 95RON,102,96,107,4.5,4.2,4.7,,,Euro 5,67,2500,Yes,0,131,1.43,,1134
2022,Toyota,,Camry,SL,2.5,4cyl,Normal,1,CVT,4,5,Sedan,2,Electric/Petrol 95RON,103,107,103,4.5,4.7,4.5,,,Euro 6,77,2500,Yes,0,131,1.44,,1134
2020,Toyota,,Camry,SL,2.5,4cyl,Normal,1,CVT,4,5,Sedan,2,Electric/Petrol 95RON,103,107,103,4.5,4.7,4.5,,,Euro 6,77,2500,No,2022,131,1.44,,1134
2017,Toyota,,Camry,SL,2.5,4cyl,Normal,1,CVT,4,5,Sedan,2,Electric/Petrol 95RON,103,117,101,4.5,5.2,4.4,,,Euro 5,77,2500,No,2020,131,1.44,,1134
2018,Lexus,,ES 300h,,2.5,4cyl,Normal,1,CVT,4,5,Sedan,2,Electric/Petrol 95RON,104,115,103,4.6,5.1,4.5,,,Euro 5,79,2500,No,2019,133,1.46,,1159
2026,Toyota,,RAV4,HEV AWD,2.5,4cyl,Normal,1,CVT,4,5,Wagon,4,Electric/Petrol 95RON,105,99,110,4.6,4.4,4.8,,,Euro 5,70,2500,Yes,0,133,1.47,,1159
2022,Toyota,,Camry,SX,2.5,4cyl,Normal,1,CVT,4,5,Sedan,2,Electric/Petrol 95RON,107,112,107,4.7,4.9,4.7,,,Euro 6,77,2500,Yes,0,136,1.5,,1184
2021,Toyota,,Camry,,2.5,4cyl,Normal,1,CVT,4,5,Sedan,2,Electric/Petrol 95RON,107,112,107,4.7,4.9,4.7,,,Euro 6,77,2500,No,2021,136,1.5,,1184
2021,Toyota,,Camry,SX,2.5,4cyl,Normal,1,CVT,4,5,Sedan,2,Electric/Petrol 95RON,107,112,107,4.7,4.9,4.7,,,Euro 6,77,2500,No,2022,136,1.5,,1184
2019,Lexus,,ES 300h,,2.5,4cyl,Normal,1,CVT,4,5,Sedan,2,Electric/Petrol 95RON,109,118,107,4.8,5.2,4.7,,,Euro 6,79,2500,No,2022,139,1.53,,1210
2025,Nissan,J12,Qashqai,e-POWER,1.5,3cyl,Turbo,1,Auto,4,5,Wagon,2,Electric/Petrol 95RON,112,113,112,4.8,4.9,4.8,,,Euro 6,74,3750,Yes,0,139,1.57,,1210
2017,Lexus,,IS 300h,,2.5,4cyl,Normal,1,CVT,4,5,Sedan,2,Electric/Petrol 95RON,113,117,117,4.9,5,5,,,Euro 5,68,2500,No,2021,142,1.58,,1235
2014,Lexus,,IS300h,Hybrid,2.5,4cyl,Normal,1,CVT,4,5,Sedan,2,Electric/Petrol 95RON,113,117,117,4.9,5,5,,,Euro 5,68,2500,No,2018,142,1.58,,1235
2013,Lexus,,IS300h,Hybrid,2.5,4cyl,Normal,1,CVT,4,5,Sedan,2,Electric/Petrol 95RON,113,117,117,4.9,5,5,,,Euro 4,68,2500,No,2014,142,1.58,,1235
2024,Lexus,,NX 350h (2WD),,2.5,4cyl,Normal,1,CVT,4,5,Wagon,2,Electric/Petrol 95RON,113,119,113,5,5.2,5,,,Euro 6,69,2500,Yes,0,145,1.58,,1260
2024,Lexus,,NX 350h (4WD),,2.5,4cyl,Normal,1,CVT,4,5,Wagon,4,Electric/Petrol 95RON,113,119,113,5,5.2,5,,,Euro 6,69,2500,Yes,0,145,1.58,,1260
2023,Lexus,,NX 350h,,2.5,4cyl,Normal,1,CVT,4,5,Wagon,2,Electric/Petrol 95RON,113,119,113,5,5.2,5,,,Euro 6,69,2500,Yes,0,145,1.58,,1260
2023,Lexus,,NX 350h,,2.5,4cyl,Normal,1,CVT,4,5,Wagon,4,Electric/Petrol 95RON,113,119,113,5,5.2,5,,,Euro 6,69,2500,Yes,0,145,1.58,,1260
2021,Lexus,,NX 350h,,2.5,4cyl,Normal,1,CVT,4,5,Wagon,2,Electric/Petrol 95RON,113,119,113,5,5.2,5,,,Euro 6,69,2500,Yes,0,145,1.58,,1260
2021,Lexus,,NX 350h,,2.5,4cyl,Normal,1,CVT,4,5,Wagon,4,Electric/Petrol 95RON,114,121,114,5,5.3,5,,,Euro 6,69,2500,Yes,0,145,1.6,,1260
2022,Lexus,,RX 350h (2WD),,2.5,4cyl,Normal,1,CVT,4,5,Wagon,2,Electric/Petrol 95RON,114,122,108,5,5.3,4.7,,,Euro 6,70,2500,Yes,0,145,1.6,,1260
2020,Lexus,,IS 300h,,2.5,4cyl,Normal,1,CVT,4,5,Sedan,2,Electric/Petrol 95RON,116,116,120,5.1,5.1,5.3,,,Euro 5,67,2500,No,2021,148,1.62,,1285
2024,Jeep,,Compass e-Hybrid,Limited,1.5,4cyl,Turbo,7,Auto,4,5,SUV,2,Electric/Petrol 95RON,116,119,110,5.1,5.2,4.8,,,Euro 6,82,3750,Yes,0,148,1.62,,1285
2024,Jeep,,Compass e-Hybrid,Summit,1.5,4cyl,Turbo,7,Auto,4,5,SUV,2,Electric/Petrol 95RON,116,119,110,5.1,5.2,4.8,,,Euro 6,82,3750,Yes,0,148,1.62,,1285
2024,MG,,HS,1.5T HEV HYBRID+,1.5,4cyl,Turbo,3,Auto,4,5,SUV,2,Electric/Petrol 95RON,119,95,134,5.2,4.2,5.8,,,Euro 5,56,1250,Yes,0,151,1.67,,1310
2025,Haval,,H6,1.5T HEV 2WD,1.5,4cyl,Turbo,3,Auto,4,5,SUV,2,Electric/Petrol 95RON,120,81,143,5.2,3.5,6.2,,,Euro 5,62,3750,Yes,0,151,1.68,,1310
2022,Haval,,H6,1.5T HEV 2WD,1.5,4cyl,Turbo,3,Auto,4,5,SUV,2,Electric/Petrol 95RON,120,81,143,5.2,3.5,6.2,,,Euro 5,62,3750,Yes,0,151,1.68,,1310
2022,Haval,,H6,1.5T HEV 2WD,1.5,4cyl,Turbo,3,Auto,4,5,SUV,2,Electric/Petrol 95RON,120,81,143,5.2,3.5,6.2,,,Euro 5,62,3750,No,2023,151,1.68,,1310
2015,Lexus,,GS 300h,,2.5,4cyl,Normal,1,CVT,4,5,Sedan,2,Electric/Petrol 95RON,121,124,118,5.2,5.3,5.1,,,Euro 5,66,2500,No,2021,151,1.69,,1310
2013,Lexus,,GS 300h,,2.5,4cyl,Normal,1,CVT,4,5,Sedan,2,Electric/Petrol 95RON,121,124,118,5.2,5.3,5.1,,,Euro 5,66,2500,No,2015,151,1.69,,1310
2024,Lexus,,RX 350h,,2.5,4cyl,Normal,1,CVT,4,5,Wagon,4,Electric/Petrol 95RON,123,130,118,5.4,5.7,5.2,,,Euro 6,70,2500,Yes,0,157,1.72,,1361
2022,Lexus,,RX 350h (AWD),,2.5,4cyl,Normal,1,CVT,4,5,Wagon,4,Electric/Petrol 95RON,123,130,118,5.4,5.7,5.2,,,Euro 6,70,2500,Yes,0,157,1.72,,1361
2023,Lexus,,LM 350h (2WD),,2.5,4cyl,Turbo,1,CVT,4,7,Wagon,2,Electric/Petrol 95RON,125,131,120,5.5,5.8,5.3,,,Euro 6,68,2500,Yes,0,160,1.75,,1386
2025,KGM,CWJ Actyon 26MY,Actyon Hybrid,K50 Actyon Hybrid,1.5,4cyl,Turbo,1,Auto,4,5,SUV,2,Electric/Petrol 95RON,127,141,103,5.5,4.5,6.2,,,Euro 6,75,3750,Yes,0,160,1.78,,1386
2025,KGM,CWJ Actyon 26MY,Actyon Hybrid,K60 Actyon Hybrid,1.5,4cyl,Turbo,1,Auto,4,5,SUV,2,Electric/Petrol 95RON,127,141,103,5.5,4.5,6.2,,,Euro 6,75,3750,Yes,0,160,1.78,,1386
2025,KGM,CWJ Torres 26MY,Torres Hybrid,K30,1.5,4cyl,Turbo,1,Auto,4,5,SUV,2,Electric/Petrol 95RON,127,148,90,5.6,4,6.5,,,Euro 6,75,3750,Yes,0,162,1.78,,1411
2025,KGM,CWJ Torres 26MY,Torres Hybrid,K40,1.5,4cyl,Turbo,1,Auto,4,5,SUV,2,Electric/Petrol 95RON,127,148,90,5.6,4,6.5,,,Euro 6,75,3750,Yes,0,162,1.78,,1411
2023,Lexus,,LM 350h (AWD),,2.5,4cyl,Turbo,1,CVT,4,7,Wagon,4,Electric/Petrol 95RON,128,136,123,5.6,6,5.4,,,Euro 6,69,2500,Yes,0,162,1.79,,1411
2021,Toyota,,Kluger,GX/GXL/GRANDE,2.5,4cyl,Normal,1,CVT,4,7,Wagon,4,Electric/Petrol 95RON,128,137,126,5.6,6,5.6,,,Euro 6,71,2500,Yes,0,162,1.79,,1411
2015,Lexus,,RX450h,,3.5,6cyl,Normal,1,CVT,4,5,SUV,4,Electric/Petrol 95RON,131,133,131,5.7,5.7,5.6,,,Euro 5,72,3750,Yes,0,165,1.83,,1436
2012,BMW,F30,3 Series,ActiveHybrid 3,3,6cyl,Turbo,8,Auto,4,5,Sedan,2,Electric/Petrol 95RON,139,123,149,5.9,5.3,6.4,,,Euro 5,83,3750,No,2015,171,1.95,,1487
2026,Nissan,T33,X-Trail,e-POWER,1.5,3cyl,Turbo,1,Auto,4,5,Wagon,4,Electric/Petrol 95RON,139,145,136,6.1,6.4,6,,,Euro 5,77,3750,Yes,0,177,1.95,,1537
2022,Nissan,T33,X-Trail,e-POWER,1.5,3cyl,Turbo,1,Auto,4,5,Wagon,4,Electric/Petrol 95RON,139,148,133,6.1,6.5,5.8,,,Euro 5,77,3750,No,2026,177,1.95,,1537
2012,Lexus,,GS450h,Hybrid,3.5,6cyl,Normal,1,CVT,4,5,Sedan,2,Electric/Petrol 95RON,147,161,134,6.3,6.9,5.8,,,Euro 4,70,2400,No,2021,183,2.06,,1588
2023,Subaru,MY23,Crosstrek,Hybrid L,2,4cyl,Normal,1,CVT,4,5,Wagon,4,Electric/Petrol 95RON,147,169,136,6.5,7.4,6,,,Euro 6,73,3750,Yes,0,189,2.06,,1638
2023,Subaru,MY23,Crosstrek,Hybrid S,2,4cyl,Normal,1,CVT,4,5,Wagon,4,Electric/Petrol 95RON,147,169,136,6.5,7.4,6,,,Euro 6,73,3750,Yes,0,189,2.06,,1638
2024,Lexus,,RX 500h,,2.4,4cyl,Turbo,6,Auto,4,5,Wagon,4,Electric/Petrol 95RON,148,168,142,6.5,7.4,6.3,,,Euro 6,68,3000,Yes,0,189,2.07,,1638
2022,Lexus,,RX 500h (AWD),,2.4,4cyl,Turbo,6,Auto,4,5,Wagon,4,Electric/Petrol 95RON,148,168,142,6.5,7.4,6.3,,,Euro 6,68,3000,Yes,0,189,2.07,,1638
2011,Lexus,,RX450h,Hybrid,3.5,6cyl,Normal,1,CVT,4,5,Wagon,4,Electric/Petrol 95RON,149,152,145,6.3,6.5,6.1,,,Euro 4,70,4500,No,2015,183,2.09,,1588
2023,Lexus,,LM 500h,,2.4,4cyl,Turbo,6,Auto,4,4,Wagon,4,Electric/Petrol 95RON,149,167,139,6.6,7.4,6.1,,,Euro 6,66,3000,Yes,2026,191,2.09,,1663
2010,Lexus,,RX450h,Hybrid,3.5,6cyl,Normal,1,CVT,4,5,Wagon,4,Electric/Petrol 95RON,150,155,143,6.4,6.6,6.1,,,Euro 4,70,4500,No,2011,186,2.1,,1613
2009,Lexus,,RX450h,Hybrid,3.5,6cyl,Normal,1,CVT,4,5,Wagon,4,Electric/Petrol 95RON,150,155,143,6.4,6.6,6.1,,,Euro 4,70,4500,No,2010,186,2.1,,1613
2009,Lexus,,RX450h,,3.5,6cyl,Normal,1,CVT,4,5,Wagon,4,Electric/Petrol 95RON,150,155,143,6.4,6.6,6.1,,,Euro 4,70,4500,No,2009,186,2.1,,1613
2009,Lexus,,RX450h,,3.5,6cyl,Normal,1,CVT,4,5,Wagon,4,Electric/Petrol 95RON,150,155,143,6.4,6.6,6.1,,,Euro 4,70,4500,No,2015,186,2.1,,1613
2017,Lexus,,LC 500h,,3.5,6cyl,Normal,1,CVT,2,4,Coupe,2,Electric/Petrol 95RON,152,174,138,6.7,7.6,6,,,Euro 5,75,2500,Yes,0,194,2.13,,1688
2023,Lexus,,LS 500h,,3.5,6cyl,Turbo,1,CVT,4,5,Sedan,2,Electric/Petrol 95RON,155,194,143,6.8,8.5,6.3,,,Euro 5,70,2500,Yes,0,197,2.17,,1714
2023,BMW,G60,5 Series,520i,2,4cyl,Turbo,8,Auto,4,5,Sedan,2,Electric/Petrol 95RON,156,195,133,6.8,8.5,5.8,,,Euro 6,73,3750,Yes,0,197,2.18,,1714
2012,BMW,F01 / F02,7 Series,740iH,3,6cyl,Turbo,8,Auto,4,5,Sedan,2,Electric/Petrol 95RON,158,139,169,6.8,6,7.2,,,Euro 5,77,3750,No,2016,197,2.21,,1714
2012,BMW,F01 / F02,7 Series,740LiH,3,6cyl,Turbo,8,Auto,4,5,Sedan,2,Electric/Petrol 95RON,158,139,169,6.8,6,7.2,,,Euro 5,77,3750,No,2016,197,2.21,,1714
2014,Infiniti,Y51,Q70,Hybrid,3.5,6cyl,Normal,7,Auto,4,5,Sedan,2,Electric/Petrol 95RON,159,208,130,6.9,9,5.6,,,Euro 5,70,3000,No,2015,200,2.23,,1739
2012,Infiniti,Y51,M Sedan,M35h,3.5,6cyl,Normal,7,Auto,4,5,Sedan,2,Electric/Petrol 95RON,159,208,130,6.9,9,5.6,,,Euro 5,70,3000,No,2014,200,2.23,,1739
2015,Infiniti,Y51,Q70,Hybrid,3.5,6cyl,Normal,7,Auto,4,5,Sedan,2,Electric/Petrol 95RON,159,215,128,6.9,9.2,5.5,,,Euro 5,71,3000,No,2021,200,2.23,,1739
2015,Infiniti,Y51,Q70,Hybrid,3.5,6cyl,Normal,7,Auto,4,5,Sedan,2,Electric/Petrol 95RON,159,215,128,6.9,9.2,5.5,,,Euro 5,71,3000,No,2015,200,2.23,,1739
2013,Infiniti,V37,Q50,,3.5,6cyl,Normal,7,Auto,4,5,Sedan,2,Electric/Petrol 95RON,159,222,126,6.8,9.6,5.4,,,Euro 5,67,3000,No,2021,197,2.23,,1714
2013,BMW,F10,5 Series,ActiveHybrid 5,3,6cyl,Turbo,8,Auto,4,5,Sedan,2,Electric/Petrol 95RON,163,146,173,7,6.2,7.4,,,Euro 6,74,3750,No,2017,203,2.28,,1764
2012,BMW,F10,5 Series,ActiveHybrid 5,3,6cyl,Turbo,8,Auto,4,5,Sedan,2,Electric/Petrol 95RON,163,146,173,7,6.2,7.4,,,Euro 5,74,3750,No,2014,203,2.28,,1764
2013,Infiniti,V37,Q50,,3.5,6cyl,Normal,7,Auto,4,5,Sedan,4,Electric/Petrol 95RON,169,229,134,7.2,9.9,5.8,,,Euro 5,67,3000,No,2021,209,2.37,,1814
2025,BMW,G45,X3,20 xDrive,2,4cyl,Turbo,8,Auto,4,5,Wagon,4,Electric/Petrol 95RON,171,206,151,7.5,9.1,6.6,,,Euro 6,75,3750,Yes,0,218,2.39,,1890
2024,BMW,G45,X3,20 xDrive,2,4cyl,Turbo,8,Auto,4,5,Wagon,4,Electric/Petrol 95RON,171,206,151,7.5,9.1,6.6,,,Euro 6,75,3750,Yes,0,218,2.39,,1890
2010,Volkswagen,,Golf,2.0 GTI 155kW,2,4cyl,Turbo,6,Auto,4,5,Hatch,2,Electric/Petrol 95RON,178,237,143,7.6,10.2,6.1,,,Euro 5,82,3750,No,2015,220,2.49,,1915
2010,Volkswagen,,Golf,2.0 GTI 155kW,2,4cyl,Turbo,6,Auto,2,5,Hatch,2,Electric/Petrol 95RON,178,237,143,7.6,10.2,6.1,,,Euro 5,82,3750,No,2015,220,2.49,,1915
2010,Volkswagen,,Golf,2.0 GTI 155kW,2,4cyl,Turbo,6,Manual,4,5,Hatch,2,Electric/Petrol 95RON,180,242,145,7.7,10.4,6.2,,,Euro 5,81,3750,No,2010,223,2.52,,1940
2010,Volkswagen,,Golf,2.0 GTI 155kW,2,4cyl,Turbo,6,Manual,2,5,Hatch,2,Electric/Petrol 95RON,180,242,145,7.7,10.4,6.2,,,Euro 5,81,3750,No,2010,223,2.52,,1940
2021,Jaguar,,E-Pace,P300,2,4cyl,Turbo,9,Auto,4,5,Wagon,4,Electric/Petrol 95RON,184,226,160,8.1,10.1,7,,,Euro 5,75,3750,No,2024,235,2.58,,2041
2021,Jaguar,,E-Pace,P300,2,4cyl,Turbo,9,Auto,4,5,SUV,4,Electric/Petrol 95RON,184,226,160,8.1,10.1,7,,,Euro 5,75,3750,No,2024,235,2.58,,2041
2006,Lexus,,GS450H,,3.5,6cyl,Normal,1,CVT,4,5,Sedan,2,Electric/Petrol 95RON,186,,,7.9,,,,,Euro 4,67,4800,No,2009,229,2.6,,1991
2010,Lexus,,GS450h,Hybrid,3.5,6cyl,Normal,1,CVT,4,5,Sedan,2,Electric/Petrol 95RON,186,217,170,7.9,9.2,7.2,,,Euro 4,67,4800,No,2012,229,2.6,,1991
2008,Lexus,,GS450H,Hybrid,3.5,6cyl,Normal,1,CVT,4,5,Sedan,2,Electric/Petrol 95RON,186,217,170,7.9,9.2,7.2,,,Euro 4,67,4800,No,2010,229,2.6,,1991
2008,Lexus,,GS450H,,3.5,6cyl,Normal,1,CVT,4,5,Sedan,2,Electric/Petrol 95RON,186,217,170,7.9,9.2,7.2,,,Euro 4,67,4800,No,2009,229,2.6,,1991
2008,Lexus,,GS450H,,3.5,6cyl,Normal,1,CVT,4,5,Sedan,2,Electric/Petrol 95RON,186,217,170,7.9,9.2,7.2,,,Euro 4,67,4800,No,2015,229,2.6,,1991
2024,BMW,G45,X3,M50 xDrive,3,6cyl,Turbo,8,Auto,4,5,Wagon,4,Electric/Petrol 95RON,187,226,165,8.2,9.9,7.2,,,Euro 6,84,3750,Yes,0,238,2.62,,2066
2006,Lexus,,RX400H,,3.3,6cyl,Normal,1,CVT,4,5,Wagon,4,Electric/Petrol 95RON,192,,,8.1,,,,,Euro 4,,,No,2009,235,2.69,,2041
2025,GWM,,TANK 300,HEV 2.0T,2,4cyl,Turbo,9,Auto,4,5,SUV,4,Electric/Petrol 95RON,196,215,189,8.4,9.4,8.2,,,Euro 5,78,3750,Yes,0,244,2.74,,2117
2015,Lexus,,LS600h,Hybrid,5,8cyl,Normal,1,CVT,4,5,Sedan,4,Electric/Petrol 95RON,199,244,173,8.6,10.5,7.5,,,Euro 5,72,2500,Yes,0,249,2.79,,2167
2015,Lexus,,LS600hL,Hybrid,5,8cyl,Normal,1,CVT,4,5,Sedan,4,Electric/Petrol 95RON,199,244,173,8.6,10.5,7.5,,,Euro 5,72,2500,Yes,0,249,2.79,,2167
2013,Lexus,,LS600h,Hybrid,5,8cyl,Normal,1,CVT,4,5,Sedan,4,Electric/Petrol 95RON,199,244,173,8.6,10.5,7.5,,,Euro 4,72,2500,No,2015,249,2.79,,2167
2013,Lexus,,LS600hL,Hybrid,5,8cyl,Normal,1,CVT,4,5,Sedan,4,Electric/Petrol 95RON,199,244,173,8.6,10.5,7.5,,,Euro 4,72,2500,No,2015,249,2.79,,2167
2023,Jaguar,X761 23MY,F-Pace,P400 AWD Auto MHEV,3,6cyl,Turbo,8,Auto,4,5,SUV,4,Electric/Petrol 95RON,199,267,160,8.5,11.5,6.8,,,Euro 5,77,3750,No,2026,247,2.79,,2142
2024,Land Rover,LY L560 23MY,Range Rover Velar,Velar PT306 294kW,3,6cyl,Turbo,8,Auto,4,5,Wagon,4,Electric/Petrol 95RON,202,271,162,8.7,11.6,6.9,,,Euro 5,79,3750,No,2026,252,2.83,,2192
2022,Land Rover,L560,Range Rover Velar,Velar PT306 294kW,3,6cyl,Turbo,8,Auto,4,5,SUV,4,Electric/Petrol 95RON,202,271,162,8.7,11.6,6.9,,,Euro 5,79,3750,No,2025,252,2.83,,2192
2021,Land Rover,,Range Rover Velar,P400,3,6cyl,Turbo,8,Auto,4,5,SUV,4,Electric/Petrol 95RON,202,271,162,8.7,11.6,6.9,,,Euro 5,79,3750,No,2024,252,2.83,,2192
2021,Land Rover,,Velar,P400,3,6cyl,Turbo,8,Auto,4,5,SUV,4,Electric/Petrol 95RON,202,271,162,8.7,11.6,6.9,,,Euro 5,79,3750,No,2021,252,2.83,,2192
2017,Land Rover,L560 23MY,LY,Velar PT306 294kW,3,6cyl,Turbo,8,Auto,4,5,Wagon,4,Electric/Petrol 95RON,202,271,162,8.7,11.6,6.9,,,Euro 5,79,3750,No,2025,252,2.83,,2192
2024,Jaguar,X761 24MY,F-Pace,P400 AWD Auto MHEV,3,6cyl,Turbo,8,Auto,4,5,SUV,4,Electric/Petrol 95RON,203,268,165,9,11.9,7.3,,,Euro 5,76,3750,No,2026,261,2.84,,2268
2024,Jaguar,X761 25MY,F-Pace,P400 AWD Auto MHEV,3,6cyl,Turbo,8,Auto,4,5,SUV,4,Electric/Petrol 95RON,203,268,165,9,11.9,7.3,,,Euro 5,76,3750,Yes,0,261,2.84,,2268
2025,Land Rover,LY L560 26MY,Range Rover Velar,P400,3,6cyl,Turbo,8,Auto,4,5,Wagon,4,Electric/Petrol 95RON,206,273,167,9,11.9,7.3,,,Euro 5,77,3750,Yes,0,261,2.88,,2268
2024,Land Rover,LY L560 24MY,Range Rover Velar,P400,3,6cyl,Turbo,8,Auto,4,5,Wagon,4,Electric/Petrol 95RON,206,273,167,9.1,12.1,7.4,,,Euro 5,78,3750,No,2026,264,2.88,,2293
2024,Land Rover,LY L560 25MY,Range Rover Velar,P400,3,6cyl,Turbo,8,Auto,4,5,Wagon,4,Electric/Petrol 95RON,206,273,167,9.1,12.1,7.4,,,Euro 5,78,3750,Yes,0,264,2.88,,2293
2017,Land Rover,L560 24MY,LY,P400,3,6cyl,Turbo,8,Auto,4,5,Wagon,4,Electric/Petrol 95RON,206,273,167,9.1,12.1,7.4,,,Euro 5,78,3750,No,2025,264,2.88,,2293
2023,BMW,G05,X5,xDrive40i,3,6cyl,Turbo,8,Auto,4,5,Wagon,4,Electric/Petrol 95RON,211,246,191,9.3,10.9,8.4,,,Euro 6,72,3750,Yes,0,270,2.95,,2344
2023,BMW,G06,X6,xDrive40i,3,6cyl,Turbo,8,Auto,4,5,Sedan,4,Electric/Petrol 95RON,211,246,191,9.3,10.9,8.4,,,Euro 6,72,3750,Yes,0,270,2.95,,2344
2024,Land Rover,LR L462 24MY,Discovery,P360 7 seats,3,6cyl,Turbo,8,Auto,4,7,Wagon,4,Electric/Petrol 95RON,213,279,175,9.2,12,7.5,,,Euro 5,80,3750,No,2026,267,2.98,,2318
2024,Land Rover,LR L462 24MY,Discovery,P360 5 seats,3,6cyl,Turbo,8,Auto,4,5,Wagon,4,Electric/Petrol 95RON,213,279,175,9.2,12,7.5,,,Euro 5,80,3750,No,2026,267,2.98,,2318
2024,Land Rover,LR L462 25MY,Discovery,P360 5 seats,3,6cyl,Turbo,8,Auto,4,5,Wagon,4,Electric/Petrol 95RON,213,279,175,9.2,12,7.5,,,Euro 5,80,3750,Yes,0,267,2.98,,2318
2024,Land Rover,LR L462 25MY,Discovery,P360 7 seats,3,6cyl,Turbo,8,Auto,4,7,Wagon,4,Electric/Petrol 95RON,213,279,175,9.2,12,7.5,,,Euro 5,80,3750,Yes,0,267,2.98,,2318
2022,Land Rover,LR,Discovery,P360 5 seats,3,6cyl,Turbo,8,Auto,4,5,SUV,4,Electric/Petrol 95RON,215,276,179,9.2,11.9,7.7,,,Euro 5,82,3750,No,2026,267,3.01,,2318
2022,Land Rover,LR,Discovery,P360 7 seats,3,6cyl,Turbo,8,Auto,4,7,SUV,4,Electric/Petrol 95RON,215,276,179,9.2,11.9,7.7,,,Euro 5,82,3750,No,2026,267,3.01,,2318
2016,Land Rover,,Range Rover,P400 SWB,3,6cyl,Turbo,8,Auto,4,5,SUV,4,Electric/Petrol 95RON,215,282,177,9.1,11.9,7.5,,,Euro 5,82,3750,No,2024,264,3.01,,2293
2016,Land Rover,,Range Rover,P400 LWB,3,6cyl,Turbo,8,Auto,4,5,SUV,4,Electric/Petrol 95RON,215,282,177,9.1,11.9,7.5,,,Euro 5,82,3750,No,2024,264,3.01,,2293
2007,Lexus,,LS600hL,,5,8cyl,Normal,1,Auto,4,5,Sedan,4,Electric/Petrol 95RON,219,,,9.3,,,,,Euro 4,72,4800,No,2009,270,3.07,,2344
2007,Lexus,,LS600hL,Hybrid,5,8cyl,Normal,1,Auto,4,5,Sedan,4,Electric/Petrol 95RON,219,265,188,9.3,11.3,8,,,Euro 4,72,4800,No,2013,270,3.07,,2344
2007,Lexus,,LS600hL,,5,8cyl,Normal,1,Auto,4,5,Sedan,4,Electric/Petrol 95RON,219,265,188,9.3,11.3,8,,,Euro 4,72,4800,No,2015,270,3.07,,2344
2024,Land Rover,LK L460 24MY,Range Rover,P400 SWB 5 Seater,3,6cyl,Turbo,8,Auto,4,5,Wagon,4,Electric/Petrol 95RON,219,278,185,9.4,12,8,,,Euro 5,77,3750,No,2026,273,3.07,,2369
2024,Land Rover,L1 L461 24MY,Range Rover Sport,P360,3,6cyl,Turbo,8,Auto,4,5,Wagon,4,Electric/Petrol 95RON,219,278,185,9.4,12,8,,,Euro 5,79,3750,No,2026,273,3.07,,2369
2024,Land Rover,L1 L461 24MY,Range Rover Sport,P400,3,6cyl,Turbo,8,Auto,4,5,Wagon,4,Electric/Petrol 95RON,219,278,185,9.4,12,8,,,Euro 5,79,3750,No,2026,273,3.07,,2369
2023,Land Rover,L1 L461 23MY,Range Rover Sport,P360,3,6cyl,Turbo,8,Auto,4,5,Wagon,4,Electric/Petrol 95RON,219,283,182,9.4,12.2,7.8,,,Euro 5,79,3750,No,2026,273,3.07,,2369
2023,Land Rover,L1 L461 23MY,Range Rover Sport,P400,3,6cyl,Turbo,8,Auto,4,5,Wagon,4,Electric/Petrol 95RON,219,283,182,9.4,12.2,7.8,,,Euro 5,79,3750,No,2026,273,3.07,,2369
2022,Land Rover,L461 Range Rover L1,Range Rover Sport,P360,3,6cyl,Turbo,8,Auto,4,5,SUV,4,Electric/Petrol 95RON,219,283,182,9.4,12.2,7.8,,,Euro 5,79,3750,No,2026,273,3.07,,2369
2022,Land Rover,L461 Range Rover L1,Range Rover Sport,P400,3,6cyl,Turbo,8,Auto,4,5,SUV,4,Electric/Petrol 95RON,219,283,182,9.4,12.2,7.8,,,Euro 5,79,3750,No,2026,273,3.07,,2369
2023,Land Rover,LK L460 23MY,Range Rover,P400 SWB 5 Seater,3,6cyl,Turbo,8,Auto,4,5,Wagon,4,Electric/Petrol 95RON,219,283,182,9.4,12.2,7.8,,,Euro 5,80,3750,No,2026,273,3.07,,2369
2023,BMW,G07,X7,xDrive40i,3,6cyl,Turbo,8,Auto,4,7,Wagon,4,Electric/Petrol 95RON,221,261,198,9.7,11.5,8.7,,,Euro 6,72,3750,Yes,0,281,3.09,,2444
2024,Land Rover,LE L663 25MY,Defender,130 P400 AWD 5 seats,3,6cyl,Turbo,8,Auto,4,5,SUV,4,Electric/Petrol 95RON,223,283,188,9.6,12.2,8.1,,,Euro 5,92,3750,Yes,0,278,3.12,,2419
2024,Land Rover,LE L663 25MY,Defender,130 P400 AWD 7 seats,3,6cyl,Turbo,8,Auto,4,7,SUV,4,Electric/Petrol 95RON,223,283,188,9.6,12.2,8.1,,,Euro 5,92,3750,Yes,0,278,3.12,,2419
2024,Land Rover,LE L663 25MY,Defender,130 P400 AWD 8 seats,3,6cyl,Turbo,8,Auto,4,8,SUV,4,Electric/Petrol 95RON,223,283,188,9.6,12.2,8.1,,,Euro 5,92,3750,Yes,0,278,3.12,,2419
2024,Land Rover,LE L663 25MY,Defender,90 P400 AWD 5 seats,3,6cyl,Turbo,8,Auto,2,5,SUV,4,Electric/Petrol 95RON,223,283,188,9.6,12.2,8.1,,,Euro 5,92,3750,Yes,0,278,3.12,,2419
2024,Land Rover,LE L663 25MY,Defender,90 P400 AWD 6 seats,3,6cyl,Turbo,8,Auto,2,6,SUV,4,Electric/Petrol 95RON,223,283,188,9.6,12.2,8.1,,,Euro 5,92,3750,Yes,0,278,3.12,,2419
2024,Land Rover,LE L663 25MY,Defender,110 P400 AWD 5 seats,3,6cyl,Turbo,8,Auto,4,5,SUV,4,Electric/Petrol 95RON,223,283,188,9.6,12.2,8.1,,,Euro 5,92,3750,Yes,0,278,3.12,,2419
2024,Land Rover,LE L663 25MY,Defender,110 P400 AWD 6 seats,3,6cyl,Turbo,8,Auto,4,6,SUV,4,Electric/Petrol 95RON,223,283,188,9.6,12.2,8.1,,,Euro 5,92,3750,Yes,0,278,3.12,,2419
2024,Land Rover,LE L663 25MY,Defender,110 P400 AWD 7 seats,3,6cyl,Turbo,8,Auto,4,7,SUV,4,Electric/Petrol 95RON,223,283,188,9.6,12.2,8.1,,,Euro 5,92,3750,Yes,0,278,3.12,,2419
2024,Land Rover,LE L663 24MY,Defender,130 P400 AWD 5 seats,3,6cyl,Turbo,8,Auto,4,5,SUV,4,Electric/Petrol 95RON,223,283,188,9.6,12.2,8.1,,,Euro 5,92,3750,No,2026,278,3.12,,2419
2024,Land Rover,LE L663 24MY,Defender,130 P400 AWD 8 seats,3,6cyl,Turbo,8,Auto,4,8,SUV,4,Electric/Petrol 95RON,223,283,188,9.6,12.2,8.1,,,Euro 5,92,3750,No,2026,278,3.12,,2419
2024,Land Rover,LE L663 24MY,Defender,110 P400 AWD 5 seats,3,6cyl,Turbo,8,Auto,4,5,SUV,4,Electric/Petrol 95RON,223,283,188,9.6,12.2,8.1,,,Euro 5,92,3750,No,2026,278,3.12,,2419
2024,Land Rover,LE L663 24MY,Defender,110 P400 AWD 6 seats,3,6cyl,Turbo,8,Auto,4,6,SUV,4,Electric/Petrol 95RON,223,283,188,9.6,12.2,8.1,,,Euro 5,92,3750,No,2026,278,3.12,,2419
2024,Land Rover,LE L663 24MY,Defender,110 P400 AWD 7 seats,3,6cyl,Turbo,8,Auto,4,7,SUV,4,Electric/Petrol 95RON,223,283,188,9.6,12.2,8.1,,,Euro 5,92,3750,No,2026,278,3.12,,2419
2024,Land Rover,LE L663 24MY,Defender,90 P400 AWD 5 seats,3,6cyl,Turbo,8,Auto,2,5,SUV,4,Electric/Petrol 95RON,223,283,188,9.6,12.2,8.1,,,Euro 5,92,3750,No,2026,278,3.12,,2419
2024,Land Rover,LE L663 24MY,Defender,90 P400 AWD 6 seats,3,6cyl,Turbo,8,Auto,2,6,SUV,4,Electric/Petrol 95RON,223,283,188,9.6,12.2,8.1,,,Euro 5,92,3750,No,2026,278,3.12,,2419
2024,Land Rover,L663 24MY,Defender LE,90 P400 AWD 5 seats,3,6cyl,Turbo,8,Auto,2,5,SUV,4,Electric/Petrol 95RON,223,283,188,9.6,12.2,8.1,,,Euro 5,92,3750,No,2025,278,3.12,,2419
2024,Land Rover,L663 24MY,Defender LE,90 P400 AWD 6 seats,3,6cyl,Turbo,8,Auto,2,6,SUV,4,Electric/Petrol 95RON,223,283,188,9.6,12.2,8.1,,,Euro 5,92,3750,No,2025,278,3.12,,2419
2024,Land Rover,L663 24MY,Defender LE,110 P400 AWD 5 seats,3,6cyl,Turbo,8,Auto,4,5,SUV,4,Electric/Petrol 95RON,223,283,188,9.6,12.2,8.1,,,Euro 5,92,3750,No,2025,278,3.12,,2419
2024,Land Rover,L663 24MY,Defender LE,110 P400 AWD 6 seats,3,6cyl,Turbo,8,Auto,4,6,SUV,4,Electric/Petrol 95RON,223,283,188,9.6,12.2,8.1,,,Euro 5,92,3750,No,2025,278,3.12,,2419
2024,Land Rover,L663 24MY,Defender LE,110 P400 AWD 7 seats,3,6cyl,Turbo,8,Auto,4,7,SUV,4,Electric/Petrol 95RON,223,283,188,9.6,12.2,8.1,,,Euro 5,92,3750,No,2025,278,3.12,,2419
2024,Land Rover,L663 24MY,Defender LE,130 P400 AWD 5 seats,3,6cyl,Turbo,8,Auto,4,5,SUV,4,Electric/Petrol 95RON,223,283,188,9.6,12.2,8.1,,,Euro 5,92,3750,No,2025,278,3.12,,2419
2024,Land Rover,L663 24MY,Defender LE,130 P400 AWD 8 seats,3,6cyl,Turbo,8,Auto,4,8,SUV,4,Electric/Petrol 95RON,223,283,188,9.6,12.2,8.1,,,Euro 5,92,3750,No,2025,278,3.12,,2419
2024,Land Rover,L663 25MY,Defender LE,90 P400 AWD 5 seats,3,6cyl,Turbo,8,Auto,2,5,SUV,4,Electric/Petrol 95RON,223,283,188,9.6,12.2,8.1,,,Euro 5,92,3750,No,2025,278,3.12,,2419
2024,Land Rover,L663 25MY,Defender LE,90 P400 AWD 6 seats,3,6cyl,Turbo,8,Auto,2,6,SUV,4,Electric/Petrol 95RON,223,283,188,9.6,12.2,8.1,,,Euro 5,92,3750,No,2025,278,3.12,,2419
2024,Land Rover,L663 25MY,Defender LE,130 P400 AWD 5 seats,3,6cyl,Turbo,8,Auto,4,5,SUV,4,Electric/Petrol 95RON,223,283,188,9.6,12.2,8.1,,,Euro 5,92,3750,No,2025,278,3.12,,2419
2024,Land Rover,L663 25MY,Defender LE,130 P400 AWD 7 seats,3,6cyl,Turbo,8,Auto,4,7,SUV,4,Electric/Petrol 95RON,223,283,188,9.6,12.2,8.1,,,Euro 5,92,3750,No,2025,278,3.12,,2419
2024,Land Rover,L663 25MY,Defender LE,130 P400 AWD 8 seats,3,6cyl,Turbo,8,Auto,4,8,SUV,4,Electric/Petrol 95RON,223,283,188,9.6,12.2,8.1,,,Euro 5,92,3750,No,2025,278,3.12,,2419
2024,Land Rover,LK L460 25MY,Range Rover,P400 SWB 5 Seater,3,6cyl,Turbo,8,Auto,4,5,Wagon,4,Electric/Petrol 95RON,224,298,181,9.6,12.8,7.8,,,Euro 5,74,3750,Yes,0,278,3.14,,2419
2025,Land Rover,L1 L461NA 25MY,Range Rover Sport,P360,3,6cyl,Turbo,8,Auto,4,5,SUV,4,Electric/Petrol 95RON,224,298,181,9.6,12.8,7.8,,,Euro 5,76,3750,Yes,0,278,3.14,,2419
2025,Land Rover,L1 L461NA 25MY,Range Rover Sport,P400,3,6cyl,Turbo,8,Auto,4,5,SUV,4,Electric/Petrol 95RON,224,298,181,9.6,12.8,7.8,,,Euro 5,76,3750,Yes,0,278,3.14,,2419
2024,Land Rover,L1 L461 25MY,Range Rover Sport,P360,3,6cyl,Turbo,8,Auto,4,5,Wagon,4,Electric/Petrol 95RON,224,298,181,9.6,12.8,7.8,,,Euro 5,76,3750,Yes,0,278,3.14,,2419
2024,Land Rover,L1 L461 25MY,Range Rover Sport,P400,3,6cyl,Turbo,8,Auto,4,5,Wagon,4,Electric/Petrol 95RON,224,298,181,9.6,12.8,7.8,,,Euro 5,76,3750,Yes,0,278,3.14,,2419
2016,Honda,,NSX,,3.5,6cyl,Turbo,9,Auto,2,2,Coupe,4,Electric/Petrol 95RON,226,232,222,9.7,10,9.5,,,Euro 5,91,3750,Yes,0,281,3.16,,2444
2023,Land Rover,LE L663 23MY,Defender,90 P400 AWD 6 seats,3,6cyl,Turbo,8,Auto,2,6,SUV,4,Electric/Petrol 95RON,230,290,196,9.9,12.4,8.4,,,Euro 5,92,3750,No,2026,287,3.22,,2495
2023,Land Rover,LE L663 23MY,Defender,90 P400 AWD 5 seats,3,6cyl,Turbo,8,Auto,2,5,SUV,4,Electric/Petrol 95RON,230,290,196,9.9,12.4,8.4,,,Euro 5,92,3750,No,2026,287,3.22,,2495
2023,Land Rover,LE L663 23MY,Defender,110 P400 AWD 5 seats,3,6cyl,Turbo,8,Auto,4,5,SUV,4,Electric/Petrol 95RON,230,290,196,9.9,12.4,8.4,,,Euro 5,92,3750,No,2026,287,3.22,,2495
2023,Land Rover,LE L663 23MY,Defender,110 P400 AWD 6 seats,3,6cyl,Turbo,8,Auto,4,6,SUV,4,Electric/Petrol 95RON,230,290,196,9.9,12.4,8.4,,,Euro 5,92,3750,No,2026,287,3.22,,2495
2023,Land Rover,LE L663 23MY,Defender,110 P400 AWD 7 seats,3,6cyl,Turbo,8,Auto,4,7,SUV,4,Electric/Petrol 95RON,230,290,196,9.9,12.4,8.4,,,Euro 5,92,3750,No,2026,287,3.22,,2495
2023,Land Rover,L663 23MY,Defender LE,90 P400 AWD 5 seats,3,6cyl,Turbo,8,Auto,2,5,SUV,4,Electric/Petrol 95RON,230,290,196,9.9,12.4,8.4,,,Euro 5,92,3750,No,2025,287,3.22,,2495
2023,Land Rover,L663 23MY,Defender LE,90 P400 AWD 6 seats,3,6cyl,Turbo,8,Auto,2,6,SUV,4,Electric/Petrol 95RON,230,290,196,9.9,12.4,8.4,,,Euro 5,92,3750,No,2025,287,3.22,,2495
2023,Land Rover,L663 23MY,Defender LE,110 P400 AWD 5 seats,3,6cyl,Turbo,8,Auto,4,5,SUV,4,Electric/Petrol 95RON,230,290,196,9.9,12.4,8.4,,,Euro 5,92,3750,No,2025,287,3.22,,2495
2023,Land Rover,L663 23MY,Defender LE,110 P400 AWD 6 seats,3,6cyl,Turbo,8,Auto,4,6,SUV,4,Electric/Petrol 95RON,230,290,196,9.9,12.4,8.4,,,Euro 5,92,3750,No,2025,287,3.22,,2495
2023,Land Rover,L663 23MY,Defender LE,110 P400 AWD 7 seats,3,6cyl,Turbo,8,Auto,4,7,SUV,4,Electric/Petrol 95RON,230,290,196,9.9,12.4,8.4,,,Euro 5,92,3750,No,2025,287,3.22,,2495
2021,Land Rover,,Defender,90 P400,3,6cyl,Turbo,8,Auto,2,6,Wagon,4,Electric/Petrol 95RON,230,290,196,9.9,12.4,8.4,,,Euro 5,92,3750,No,2024,287,3.22,,2495
2021,Land Rover,,Defender,110 P400,3,6cyl,Turbo,8,Auto,2,6,Wagon,4,Electric/Petrol 95RON,230,290,196,9.9,12.4,8.4,,,Euro 5,92,3750,No,2024,287,3.22,,2495
2020,Land Rover,,Defender,110 P400,3,6cyl,Turbo,8,Auto,4,7,Wagon,4,Electric/Petrol 95RON,230,290,196,9.9,12.4,8.4,,,Euro 5,92,3750,No,2024,287,3.22,,2495
2020,Land Rover,,Defender,110 P400,3,6cyl,Turbo,8,Auto,4,6,Wagon,4,Electric/Petrol 95RON,230,290,196,9.9,12.4,8.4,,,Euro 5,92,3750,No,2024,287,3.22,,2495
2020,Land Rover,,Defender,110 P400,3,6cyl,Turbo,8,Auto,4,5,Wagon,4,Electric/Petrol 95RON,230,290,196,9.9,12.4,8.4,,,Euro 5,92,3750,No,2024,287,3.22,,2495
2023,Land Rover,LE L663 23MY,Defender,130 P400 AWD 5 seats,3,6cyl,Turbo,8,Auto,4,5,SUV,4,Electric/Petrol 95RON,235,290,203,10.1,12.5,8.7,,,Euro 5,92,3750,No,2026,293,3.29,,2545
2023,Land Rover,LE L663 23MY,Defender,130 P400 AWD 8 seats,3,6cyl,Turbo,8,Auto,4,8,SUV,4,Electric/Petrol 95RON,235,290,203,10.1,12.5,8.7,,,Euro 5,92,3750,No,2026,293,3.29,,2545
2023,Land Rover,L663 23MY,Defender LE,130 P400 AWD 5 seats,3,6cyl,Turbo,8,Auto,4,5,SUV,4,Electric/Petrol 95RON,235,290,203,10.1,12.5,8.7,,,Euro 5,92,3750,No,2025,293,3.29,,2545
2023,Land Rover,L663 23MY,Defender LE,130 P400 AWD 8 seats,3,6cyl,Turbo,8,Auto,4,8,SUV,4,Electric/Petrol 95RON,235,290,203,10.1,12.5,8.7,,,Euro 5,92,3750,No,2025,293,3.29,,2545
2023,BMW,G05,X5,M60i xDrive,4.4,8cyl,Turbo,8,Auto,4,5,Wagon,4,Electric/Petrol 95RON,269,356,218,11.9,15.8,9.6,,,Euro 6,83,3750,Yes,0,345,3.77,,2999
2023,BMW,G06,X6,M60i xDrive,4.4,8cyl,Turbo,8,Auto,4,5,Sedan,4,Electric/Petrol 95RON,269,356,218,11.9,15.8,9.6,,,Euro 6,83,3750,Yes,0,345,3.77,,2999
2005,Land Rover,,Discovery 3,HSE V8,4.4,8cyl,Normal,6,Auto,4,7,Wagon,4,Electric/Petrol 95RON,354,,,15,,,,,Euro 3,,,No,2010,435,4.96,,3780
2005,Land Rover,,Discovery 3,SE V6,4,6cyl,Normal,6,Auto,4,7,Wagon,4,Electric/Petrol 95RON,359,,,15.2,,,,,Euro 3,,,No,2010,441,5.03,,3830
2023,Cupra,MY24,Leon,VZE 180PHEV,1.4,4cyl,Turbo,6,Auto,4,5,Hatch,2,Petrol 95RON,40,,,1.8,,,113,67,Euro 6,75,3750,No,2025,130,0.56,,928
2023,Cupra,MY23,Leon,VZE 180PHEV,1.4,4cyl,Turbo,6,Auto,4,5,Hatch,2,Petrol 95RON,40,,,1.8,,,113,67,Euro 6,75,3750,No,2025,130,0.56,,928
2025,Skoda,MY26,Kodiaq,Select PHEV,1.5,4cyl,Turbo,6,Auto,4,5,SUV,2,Petrol 95RON,42,,,1.9,,,148,112,Euro 6,76,3750,Yes,0,157,0.59,,1100
2019,Land Rover,L551 23MY,LZ,P300e AWD Auto Electric Hybrid,1.5,3cyl,Turbo,9,Auto,4,5,Wagon,4,Petrol 95RON,48,,176,2.1,,7.7,186,66,Euro 6,68,3750,No,2025,189,0.67,,1310
2019,Land Rover,L551 24MY,LZ,P300e AWD Auto Electric Hybrid,1.5,3cyl,Turbo,9,Auto,4,5,Wagon,4,Petrol 95RON,49,,177,2.1,,7.8,169,66,Euro 6,68,3750,No,2025,178,0.69,,1239
2019,MINI,F60,Mini Cooper S E ALL4,Countryman,1.5,3cyl,Turbo,6,Auto,4,5,Wagon,4,Petrol 95RON,57,144,,2.5,6.3,,138,38,Euro 6,81,3300,No,2020,168,0.8,,1210
2001,Honda,,Insight,,1,3cyl,Normal,5,Manual,2,2,Coupe,2,Petrol 95RON,80,,,3.4,,,,,Euro 3,,,No,2005,99,1.12,,857
2012,Fiat,Hardtop D/L,500,0.9 Turbo Twin Air,0.9,2cyl,Turbo,5,Auto,2,4,Sedan,2,Petrol 95RON,90,102,83,3.9,4.4,3.6,,,Euro 5,83,4125,No,2016,113,1.26,,983
2012,Fiat,Cabrio D/L,500,0.9 Turbo Twin Air,0.9,2cyl,Turbo,5,Auto,2,4,Convertible,2,Petrol 95RON,90,102,83,3.9,4.4,3.6,,,Euro 5,83,4125,No,2016,113,1.26,,983
2012,Fiat,Hardtop,500,0.9 Turbo Twin Air,0.9,2cyl,Turbo,5,Manual,2,4,Sedan,2,Petrol 95RON,92,108,83,4,4.7,3.6,,,Euro 5,83,4125,No,2016,116,1.29,,1008
2012,Fiat,Cabrio,500,0.9 Turbo Twin Air,0.9,2cyl,Turbo,5,Manual,2,4,Convertible,2,Petrol 95RON,92,108,83,4,4.7,3.6,,,Euro 5,83,4125,No,2016,116,1.29,,1008
2013,Fiat,Easy,Panda,0.9 Turbo Twin Air,0.9,2cyl,Turbo,5,Auto,2,5,Hatch,2,Petrol 95RON,95,111,85,4.1,4.8,3.7,,,Euro 6,78,3750,No,2014,119,1.33,,1033
2013,Fiat,Lounge,Panda,0.9 Turbo Twin Air,0.9,2cyl,Turbo,5,Auto,2,5,Hatch,2,Petrol 95RON,95,111,85,4.1,4.8,3.7,,,Euro 6,78,3750,No,2014,119,1.33,,1033
2013,Fiat,Easy,Panda,0.9 Turbo Twin Air,0.9,2cyl,Turbo,5,Auto,2,5,Hatch,2,Petrol 95RON,95,111,85,4.1,4.8,3.7,,,Euro 5,78,3750,No,2014,119,1.33,,1033
2015,Audi,,A1 Sportback,1.0 TFSI 15 Inch Wheel,1,3cyl,Turbo,5,Manual,2,4,Hatch,2,Petrol 95RON,97,116,86,4.2,5,3.7,,,Euro 6,83,3750,No,2019,122,1.36,,1058
2015,Audi,,A1 Sportback,1.0 TFSI 17 Inch Wheel,1,3cyl,Turbo,5,Manual,2,4,Hatch,2,Petrol 95RON,98,117,87,4.3,5.1,3.8,,,Euro 6,83,3750,No,2019,125,1.37,,1084
2013,Alfa Romeo,,MiTo,105 hp Manual,0.9,2cyl,Turbo,6,Manual,2,5,Hatch,2,Petrol 95RON,99,115,89,4.2,5,3.8,,,Euro 5,75,3750,No,2015,122,1.39,,1058
2013,Fiat,Easy,Panda,0.9 Turbo Twin Air,0.9,2cyl,Turbo,5,Manual,2,5,Hatch,2,Petrol 95RON,99,116,89,4.2,5,3.8,,,Euro 6,78,3750,No,2014,122,1.39,,1058
2013,Fiat,Easy,Panda,0.9 Turbo Twin Air,0.9,2cyl,Turbo,5,Manual,2,5,Hatch,2,Petrol 95RON,99,116,89,4.2,5,3.8,,,Euro 5,78,3750,No,2014,122,1.39,,1058
2011,Smart,,fortwo,Coupe 52kW MHD,1,3cyl,Normal,5,Auto,2,2,Coupe,2,Petrol 95RON,100,109,95,4.4,4.7,4.1,,,Euro 5,83,3500,No,2016,128,1.4,,1109
2011,Smart,,fortwo,Cabrio 52kW MHD,1,3cyl,Normal,5,Auto,2,2,Convertible,2,Petrol 95RON,100,109,95,4.4,4.7,4.1,,,Euro 5,83,3500,No,2016,128,1.4,,1109
2015,Audi,,A1 Sportback,1.0 TFSI S-Tronic 15/16 Inch Wheel,1,3cyl,Turbo,7,Other,2,4,Hatch,2,Petrol 95RON,102,125,89,4.4,5.4,3.8,,,Euro 6,83,3750,No,2019,128,1.43,,1109
2014,Volkswagen,,up!,3 Door,1,3cyl,Normal,5,Manual,2,4,Hatch,2,Petrol 95RON,103,123,91,4.4,5.3,3.9,,,Euro 5,77,3750,No,2014,128,1.44,,1109
2014,Volkswagen,,up!,5 Door,1,3cyl,Normal,5,Manual,4,4,Hatch,2,Petrol 95RON,103,123,91,4.4,5.3,3.9,,,Euro 5,77,3750,No,2014,128,1.44,,1109
2015,Audi,,A1 Sportback,1.0 TFSI S-Tronic 17 Inch Wheel,1,3cyl,Turbo,7,Other,2,4,Hatch,2,Petrol 95RON,103,126,90,4.5,5.5,3.9,,,Euro 6,83,3750,No,2019,131,1.44,,1134
2021,Skoda,MY21,Fabia,70TSI RO MT,1,3cyl,Turbo,5,Manual,4,5,Wagon,2,Petrol 95RON,104,123,94,4.5,5.3,4,,,Euro 6,74,3750,No,2022,131,1.46,,1134
2021,Skoda,MY21,Fabia,70TSI RO MT,1,3cyl,Turbo,5,Manual,4,5,Hatch,2,Petrol 95RON,104,123,94,4.5,5.3,4,,,Euro 6,74,3750,No,2022,131,1.46,,1134
2020,Skoda,MY21,Fabia,70TSI MT,1,3cyl,Turbo,5,Manual,4,5,Hatch,2,Petrol 95RON,104,123,94,4.5,5.3,4,,,Euro 6,74,3750,No,2022,131,1.46,,1134
2020,Skoda,MY21,Fabia,70TSI MT,1,3cyl,Turbo,5,Manual,4,5,Wagon,2,Petrol 95RON,104,123,94,4.5,5.3,4,,,Euro 6,74,3750,No,2022,131,1.46,,1134
2018,Skoda,MY19,Fabia,70TSI MT,1,3cyl,Turbo,5,Manual,4,5,Hatch,2,Petrol 95RON,104,123,94,4.5,5.3,4,,,Euro 6,74,3750,No,2020,131,1.46,,1134
2018,Skoda,MY19,Fabia,70TSI MT,1,3cyl,Turbo,5,Manual,4,5,Wagon,2,Petrol 95RON,104,123,94,4.5,5.3,4,,,Euro 6,74,3750,No,2020,131,1.46,,1134
2015,Peugeot,,208,Access,1.2,3cyl,Normal,5,Manual,4,5,Hatch,2,Petrol 95RON,104,128,90,4.5,5.5,3.9,,,Euro 6,76,3750,No,2020,131,1.46,,1134
2014,Citroen,,C3,Seduction 60kW Petrol Manual,1.2,4cyl,Normal,5,Manual,4,5,Sedan,2,Petrol 95RON,104,128,90,4.5,5.5,3.9,,,Euro 5,74,3750,No,2015,131,1.46,,1134
2013,Citroen,,C3,Seduction 60kW Petrol Manual,1.2,4cyl,Normal,5,Manual,4,5,Sedan,2,Petrol 95RON,104,128,90,4.5,5.5,3.9,,,Euro 5,74,3750,No,2014,131,1.46,,1134
2015,Peugeot,,208,Access,1.2,3cyl,Turbo,6,Auto,4,5,Hatch,2,Petrol 95RON,104,132,88,4.5,5.7,3.8,,,Euro 6,76,3750,No,2019,131,1.46,,1134
2015,Peugeot,,208,Active,1.2,3cyl,Turbo,6,Auto,4,5,Hatch,2,Petrol 95RON,104,132,88,4.5,5.7,3.8,,,Euro 6,76,3750,No,2019,131,1.46,,1134
2015,Peugeot,,208,Allure,1.2,3cyl,Turbo,6,Auto,4,5,Hatch,2,Petrol 95RON,104,132,88,4.5,5.7,3.8,,,Euro 6,76,3750,No,2019,131,1.46,,1134
2015,Peugeot,,208,GT-line,1.2,3cyl,Turbo,6,Auto,4,5,Hatch,2,Petrol 95RON,104,132,88,4.5,5.7,3.8,,,Euro 6,76,3750,No,2019,131,1.46,,1134
2009,Smart,,fortwo,Cabrio 52kW MHD,1,3cyl,Normal,5,Auto,2,2,Convertible,2,Petrol 95RON,105,124,94,4.4,5.2,3.9,,,Euro 4,83,3500,No,2010,128,1.47,,1109
2009,Smart,,fortwo,Coupe 52kW MHD,1,3cyl,Normal,5,Auto,2,2,Coupe,2,Petrol 95RON,105,124,94,4.4,5.2,3.9,,,Euro 4,83,3500,No,2010,128,1.47,,1109
2009,Smart,,fortwo,Coupe 52kW MHD,1,3cyl,Normal,5,Auto,2,2,Coupe,2,Petrol 95RON,105,124,94,4.4,5.2,3.9,,,Euro 4,83,3500,No,2009,128,1.47,,1109
2013,Renault,,Clio 4,Hatch,0.9,3cyl,Turbo,5,Manual,4,5,Hatch,2,Petrol 95RON,105,130,90,4.5,5.6,3.9,,,Euro 5,79,3750,No,2016,131,1.47,,1134
2018,Volkswagen,MY19,Polo,70TSI Trendline,1,3cyl,Turbo,5,Manual,4,5,Hatch,2,Petrol 95RON,106,130,92,4.7,5.9,4,,,Euro 6,69,3750,No,2019,136,1.48,,1184
2018,Volkswagen,MY18,Polo,70TSI Trendline,1,3cyl,Turbo,5,Manual,4,5,Hatch,2,Petrol 95RON,106,130,92,4.7,5.9,4,,,Euro 6,69,3750,No,2019,136,1.48,,1184
2012,Suzuki,,Alto,GL,1,3cyl,Normal,5,Manual,4,4,Hatch,2,Petrol 95RON,107,130,93,4.5,5.5,3.9,,,Euro 4,82,4500,No,2016,131,1.5,,1134
2012,Suzuki,,Alto,GLX,1,3cyl,Normal,5,Manual,4,4,Hatch,2,Petrol 95RON,107,130,93,4.5,5.5,3.9,,,Euro 4,82,4500,No,2016,131,1.5,,1134
2015,Audi,,A1 Sportback,1.0 TFSI S-Tronic 18 Inch Wheel,1,3cyl,Turbo,7,Other,2,4,Hatch,2,Petrol 95RON,107,130,94,4.6,5.6,4,,,Euro 6,83,3750,No,2019,133,1.5,,1159
2014,Peugeot,T9,308,Access,1.2,3cyl,Turbo,6,Manual,4,5,Hatch,2,Petrol 95RON,107,135,90,4.6,5.8,3.9,,,Euro 6,73,3750,No,2019,133,1.5,,1159
2016,Citroen,,Cactus MT5,,1.2,3cyl,Turbo,5,Manual,4,5,SUV,2,Petrol 95RON,107,135,92,4.7,5.8,4,,,Euro 6,76,3750,No,2019,136,1.5,,1184
2017,Citroen,,Cactus,Exclusive,1.2,3cyl,Turbo,6,Auto,4,5,SUV,2,Petrol 95RON,108,133,94,4.7,5.8,4.1,,,Euro 6,76,3750,No,2019,136,1.51,,1184
2017,Citroen,,Cactus,One-Tone,1.2,3cyl,Turbo,6,Auto,4,5,SUV,2,Petrol 95RON,108,133,94,4.7,5.8,4.1,,,Euro 6,76,3750,No,2019,136,1.51,,1184
2021,Skoda,MY21,Fabia,81TSI RO DSG,1,3cyl,Turbo,7,Auto,4,5,Hatch,2,Petrol 95RON,109,128,98,4.7,5.5,4.2,,,Euro 6,77,3750,No,2022,136,1.53,,1184
2021,Skoda,MY21,Fabia,81TSI RO DSG,1,3cyl,Turbo,7,Auto,4,5,Wagon,2,Petrol 95RON,109,128,98,4.7,5.5,4.2,,,Euro 6,77,3750,No,2022,136,1.53,,1184
2020,Skoda,MY21,Fabia,81TSI DSG,1,3cyl,Turbo,7,Auto,4,5,Hatch,2,Petrol 95RON,109,128,98,4.7,5.5,4.2,,,Euro 6,77,3750,No,2022,136,1.53,,1184
2020,Skoda,MY21,Fabia,81TSI DSG,1,3cyl,Turbo,7,Auto,4,5,Wagon,2,Petrol 95RON,109,128,98,4.7,5.5,4.2,,,Euro 6,77,3750,No,2022,136,1.53,,1184
2020,Skoda,MY21,Fabia,Monte Carlo 81TSI DSG,1,3cyl,Turbo,7,Auto,4,5,Hatch,2,Petrol 95RON,109,128,98,4.7,5.5,4.2,,,Euro 6,77,3750,No,2022,136,1.53,,1184
2020,Skoda,MY21,Fabia,Monte Carlo 81TSI DSG,1,3cyl,Turbo,7,Auto,4,5,Wagon,2,Petrol 95RON,109,128,98,4.7,5.5,4.2,,,Euro 6,77,3750,No,2022,136,1.53,,1184
2018,Skoda,MY19,Fabia,81TSI DSG,1,3cyl,Turbo,7,Auto,4,5,Hatch,2,Petrol 95RON,109,128,98,4.7,5.5,4.2,,,Euro 6,77,3750,No,2020,136,1.53,,1184
2018,Skoda,MY19,Fabia,81TSI DSG,1,3cyl,Turbo,7,Auto,4,5,Wagon,2,Petrol 95RON,109,128,98,4.7,5.5,4.2,,,Euro 6,77,3750,No,2020,136,1.53,,1184
2018,Skoda,MY19,Fabia,Monte Carlo 81TSI DSG,1,3cyl,Turbo,7,Auto,4,5,Hatch,2,Petrol 95RON,109,128,98,4.7,5.5,4.2,,,Euro 6,77,3750,No,2020,136,1.53,,1184
2018,Skoda,MY19,Fabia,Monte Carlo 81TSI DSG,1,3cyl,Turbo,7,Auto,4,5,Wagon,2,Petrol 95RON,109,128,98,4.7,5.5,4.2,,,Euro 6,77,3750,No,2020,136,1.53,,1184
2012,Peugeot,,208,Active,1.2,3cyl,Normal,5,Manual,4,5,Hatch,2,Petrol 95RON,109,130,95,4.7,5.6,4.1,,,Euro 5,76,3750,No,2015,136,1.53,,1184
2022,Audi,,A3 Sportback,35 TFSI S-tronic 16 Inch Wheel,1.5,4cyl,Turbo,7,Auto,4,5,Hatch,2,Petrol 95RON,109,134,93,4.8,5.9,4.1,,,Euro 6,73,3750,Yes,0,139,1.53,,1210
2014,Audi,110kW,A3 Sedan,1.4 TFSI CoD Attraction S-Tronic,1.4,4cyl,Turbo,7,Auto,4,5,Sedan,2,Petrol 95RON,109,134,95,4.7,5.8,4.1,,,Euro 6,74,3750,No,2016,136,1.53,,1184
2014,Audi,110kW,A3 Sportback,1.4 TFSI CoD Attraction S-Tronic,1.4,4cyl,Turbo,7,Auto,4,5,Hatch,2,Petrol 95RON,109,134,95,4.7,5.8,4.1,,,Euro 6,74,3750,No,2016,136,1.53,,1184
2022,Audi,,A3 Sedan,35 TFSI S-tronic 17 Inch Wheel,1.5,4cyl,Turbo,7,Auto,4,5,Sedan,2,Petrol 95RON,109,135,93,4.8,5.9,4.1,,,Euro 6,73,3750,Yes,0,139,1.53,,1210
2014,Audi,103kW,A3 Sedan,1.4 TFSI CoD Attraction S-Tronic,1.4,4cyl,Turbo,7,Auto,4,5,Sedan,2,Petrol 95RON,109,135,94,4.7,5.9,4.1,,,Euro 6,74,3750,No,2014,136,1.53,,1184
2015,Skoda,,Fabia,Ambition 66TSI,1.2,4cyl,Turbo,5,Manual,4,5,Wagon,2,Petrol 95RON,109,137,93,4.8,6.1,4.1,,,Euro 6,73,3750,No,2015,139,1.53,,1210
2015,Skoda,,Fabia,Ambition 66TSI,1.2,4cyl,Turbo,5,Manual,4,5,Hatch,2,Petrol 95RON,109,137,93,4.8,6.1,4.1,,,Euro 6,73,3750,No,2015,139,1.53,,1210
2015,Skoda,,Fabia,66TSI,1.2,4cyl,Turbo,5,Manual,4,5,Hatch,2,Petrol 95RON,109,137,93,4.8,6.1,4.1,,,Euro 6,73,3750,No,2019,139,1.53,,1210
2015,Skoda,,Fabia,66TSI,1.2,4cyl,Turbo,5,Manual,4,5,Wagon,2,Petrol 95RON,109,137,93,4.8,6.1,4.1,,,Euro 6,73,3750,No,2019,139,1.53,,1210
2015,Volkswagen,,Polo,66TSI Trendline,1.2,4cyl,Turbo,5,Manual,4,5,Hatch,2,Petrol 95RON,109,137,93,4.8,6.1,4.1,,,Euro 6,75,3750,No,2017,139,1.53,,1210
2015,Volkswagen,,Polo,66TSI Trendline,1.2,4cyl,Turbo,5,Manual,4,5,Hatch,2,Petrol 95RON,109,137,93,4.8,6.1,4.1,,,Euro 6,75,3750,No,2015,139,1.53,,1210
2017,Volkswagen,MY17,Polo,Urban,1.2,4cyl,Turbo,5,Manual,4,5,Hatch,2,Petrol 95RON,109,137,93,4.8,6.1,4.1,,,Euro 5,75,3750,No,2018,139,1.53,,1210
2016,Volkswagen,MY17,Polo,66TSI Trendline,1.2,4cyl,Turbo,5,Manual,4,5,Hatch,2,Petrol 95RON,109,137,93,4.8,6.1,4.1,,,Euro 5,75,3750,No,2017,139,1.53,,1210
2020,Volkswagen,MY21,Polo,70TSI Trendline,1,3cyl,Turbo,5,Manual,4,5,Hatch,2,Petrol 95RON,110,134,95,4.8,6,4.1,,,Euro 6,70,3750,No,2022,139,1.54,,1210
2019,Volkswagen,MY20,Polo,70TSI Trendline,1,3cyl,Turbo,5,Manual,4,5,Hatch,2,Petrol 95RON,110,134,95,4.8,6,4.1,,,Euro 6,70,3750,No,2020,139,1.54,,1210
2017,Renault,,Clio 4,Hatch,0.9,3cyl,Turbo,5,Manual,4,5,Hatch,2,Petrol 95RON,110,135,95,4.8,4.9,4.1,,,Euro 6,78,3750,No,2016,139,1.54,,1210
2016,Renault,2016,Clio 4,Hatch,0.9,3cyl,Turbo,5,Manual,4,5,Hatch,2,Petrol 95RON,110,135,95,4.8,5.9,4.1,,,Euro 6,78,3750,No,2023,139,1.54,,1210
2010,Suzuki,,Alto,GL,1,3cyl,Normal,5,Manual,4,4,Hatch,2,Petrol 95RON,110,135,96,4.7,5.8,4,,,Euro 4,82,4500,No,2012,136,1.54,,1184
2010,Suzuki,,Alto,GLX,1,3cyl,Normal,5,Manual,4,4,Hatch,2,Petrol 95RON,110,135,96,4.7,5.8,4,,,Euro 4,82,4500,No,2012,136,1.54,,1184
2017,Peugeot,,2008,Active,1.2,3cyl,Turbo,6,Auto,4,5,Wagon,2,Petrol 95RON,110,136,94,4.8,5.9,4.1,,,Euro 6,77,3750,No,2019,139,1.54,,1210
2017,Peugeot,,2008,Allure,1.2,3cyl,Turbo,6,Auto,4,5,Wagon,2,Petrol 95RON,110,136,94,4.8,5.9,4.1,,,Euro 6,77,3750,No,2020,139,1.54,,1210
2017,Peugeot,,2008,GT-line,1.2,3cyl,Turbo,6,Auto,4,5,Wagon,2,Petrol 95RON,110,136,94,4.8,5.9,4.1,,,Euro 6,77,3750,No,2021,139,1.54,,1210
2013,Audi,103kW,A3 Sportback,1.4 TFSI CoD Attraction S-Tronic,1.4,4cyl,Turbo,7,Auto,4,5,Hatch,2,Petrol 95RON,110,136,95,4.7,5.9,4.1,,,Euro 6,74,3750,No,2014,136,1.54,,1184
2014,MINI,F56,Cooper,Hardtop,1.5,3cyl,Turbo,6,Manual,2,4,Hatch,2,Petrol 95RON,110,137,94,4.7,5.9,4,,,Euro 6,83,3300,No,2025,136,1.54,,1184
2017,Citroen,,C3,Shine,1.2,3cyl,Turbo,6,Auto,4,5,Hatch,2,Petrol 95RON,110,139,94,4.9,6.1,4.2,,,Euro 6,75,3750,No,2019,142,1.54,,1235
2016,Audi,,A3 Sportback,1.0 TFSI S-Tronic 16 Inch Wheel,1,4cyl,Turbo,7,Auto,4,5,Hatch,2,Petrol 95RON,111,132,98,4.8,5.7,4.3,,,Euro 6,71,3750,Yes,0,139,1.55,,1210
2018,Volkswagen,MY18,Polo,70TSI Trendline,1,3cyl,Turbo,7,Auto,4,5,Hatch,2,Petrol 95RON,111,135,97,4.9,5.9,4.3,,,Euro 6,73,3750,No,2019,142,1.55,,1235
2018,Volkswagen,MY19,Polo,70TSI Trendline,1,3cyl,Turbo,7,Auto,4,5,Hatch,2,Petrol 95RON,111,135,97,4.9,5.9,4.3,,,Euro 6,73,3750,No,2019,142,1.55,,1235
2022,Audi,,A3 Sportback,35 TFSI S-tronic 17 Inch Wheel,1.5,4cyl,Turbo,7,Auto,4,5,Hatch,2,Petrol 95RON,111,136,95,4.8,5.9,4.2,,,Euro 6,73,3750,Yes,0,139,1.55,,1210
2015,Skoda,,Fabia,81TSI,1.2,4cyl,Turbo,7,Auto,4,5,Wagon,2,Petrol 95RON,111,137,97,4.8,5.9,4.2,,,Euro 6,75,3750,No,2019,139,1.55,,1210
2015,Skoda,,Fabia,81TSI,1.2,4cyl,Turbo,7,Auto,4,5,Hatch,2,Petrol 95RON,111,137,97,4.8,5.9,4.2,,,Euro 6,75,3750,No,2019,139,1.55,,1210
2015,Skoda,,Fabia,Ambition 81TSI,1.2,4cyl,Turbo,7,Auto,4,5,Hatch,2,Petrol 95RON,111,137,97,4.8,5.9,4.2,,,Euro 6,75,3750,No,2015,139,1.55,,1210
2015,Skoda,,Fabia,Ambition 81TSI,1.2,4cyl,Turbo,7,Auto,4,5,Wagon,2,Petrol 95RON,111,137,97,4.8,5.9,4.2,,,Euro 6,75,3750,No,2015,139,1.55,,1210
2016,Fiat,Series 4,500,1.2 8V Dualogic,1.2,4cyl,Normal,5,Auto,2,4,Sedan,2,Petrol 95RON,111,138,95,4.8,6,4.1,,,Euro 6,86,4125,Yes,0,139,1.55,,1210
2016,Fiat,Series 4,500C,1.2 8V Dualogic,1.2,4cyl,Normal,5,Auto,2,4,Convertible,2,Petrol 95RON,111,138,95,4.8,6,4.1,,,Euro 6,86,4125,Yes,0,139,1.55,,1210
2022,Audi,,A3 Sedan,35 TFSI S-tronic 18 Inch Wheel,1.5,4cyl,Turbo,7,Auto,4,5,Sedan,2,Petrol 95RON,111,138,96,4.9,6,4.2,,,Euro 6,73,3750,Yes,0,142,1.55,,1235
2020,Skoda,MY21,Scala,110TSI,1.5,4cyl,Turbo,6,Manual,4,5,Hatch,2,Petrol 95RON,111,142,92,4.9,6.2,4,,,Euro 6,76,3750,No,2023,142,1.55,,1235
2020,Skoda,MY20,Scala,110TSI,1.5,4cyl,Turbo,6,Manual,4,5,Hatch,2,Petrol 95RON,111,142,92,4.9,6.2,4,,,Euro 6,76,3750,No,2020,142,1.55,,1235
2008,Smart,,fortwo,Coupe 52kW,1,3cyl,Normal,5,Auto,2,2,Coupe,2,Petrol 95RON,112,,,4.7,,,,,Euro 4,83,3325,No,2008,136,1.57,,1184
2016,Audi,,A3 Sportback,1.0 TFSI S-Tronic 17 Inch Wheel,1,4cyl,Turbo,7,Auto,4,5,Hatch,2,Petrol 95RON,112,132,99,4.9,5.8,4.4,,,Euro 6,71,3750,Yes,0,142,1.57,,1235
2018,Volkswagen,MY18,Polo,85TSI Comfortline,1,3cyl,Turbo,7,Auto,4,5,Hatch,2,Petrol 95RON,112,133,100,4.9,5.8,4.4,,,Euro 6,72,3750,No,2019,142,1.57,,1235
2018,Volkswagen,MY18,Polo,beats,1,3cyl,Turbo,7,Auto,4,5,Hatch,2,Petrol 95RON,112,133,100,4.9,5.8,4.4,,,Euro 6,72,3750,No,2019,142,1.57,,1235
2018,Volkswagen,MY18,Polo,Launch Edition,1,3cyl,Turbo,7,Auto,4,5,Hatch,2,Petrol 95RON,112,133,100,4.9,5.8,4.4,,,Euro 6,72,3750,No,2019,142,1.57,,1235
2018,Volkswagen,MY19,Polo,85TSI Comfortline,1,3cyl,Turbo,7,Auto,4,5,Hatch,2,Petrol 95RON,112,133,100,4.9,5.8,4.4,,,Euro 6,72,3750,No,2019,142,1.57,,1235
2022,Audi,,A3 Sedan,35 TFSI S-tronic 19 Inch Wheel,1.5,4cyl,Turbo,7,Auto,4,5,Sedan,2,Petrol 95RON,112,138,97,4.9,6,4.3,,,Euro 6,73,3750,Yes,0,142,1.57,,1235
2015,Volkswagen,,Polo,66TSI Trendline,1.2,4cyl,Turbo,7,Auto,4,5,Hatch,2,Petrol 95RON,112,138,98,4.8,5.9,4.2,,,Euro 6,76,3750,No,2015,139,1.57,,1210
2015,Volkswagen,,Polo,81TSI Comfortline,1.2,4cyl,Turbo,7,Auto,4,5,Hatch,2,Petrol 95RON,112,138,98,4.8,5.9,4.2,,,Euro 6,76,3750,No,2015,139,1.57,,1210
2015,Volkswagen,,Polo,66TSI Trendline,1.2,4cyl,Turbo,7,Auto,4,5,Hatch,2,Petrol 95RON,112,138,98,4.8,5.9,4.2,,,Euro 6,76,3750,No,2017,139,1.57,,1210
2015,Volkswagen,,Polo,81TSI Comfortline,1.2,4cyl,Turbo,7,Auto,4,5,Hatch,2,Petrol 95RON,112,138,98,4.8,5.9,4.2,,,Euro 6,76,3750,No,2017,139,1.57,,1210
2017,Volkswagen,MY17,Polo,Urban,1.2,4cyl,Turbo,7,Auto,4,5,Hatch,2,Petrol 95RON,112,138,98,4.8,5.9,4.2,,,Euro 5,76,3750,No,2018,139,1.57,,1210
2017,Volkswagen,MY17,Polo,Urban+,1.2,4cyl,Turbo,7,Auto,4,5,Hatch,2,Petrol 95RON,112,138,98,4.8,5.9,4.2,,,Euro 5,76,3750,No,2018,139,1.57,,1210
2016,Volkswagen,MY17,Polo,66TSI Trendline,1.2,4cyl,Turbo,7,Auto,4,5,Hatch,2,Petrol 95RON,112,138,98,4.8,5.9,4.2,,,Euro 5,76,3750,No,2017,139,1.57,,1210
2016,Volkswagen,MY17,Polo,81TSI Comfortline,1.2,4cyl,Turbo,7,Auto,4,5,Hatch,2,Petrol 95RON,112,138,98,4.8,5.9,4.2,,,Euro 5,76,3750,No,2017,139,1.57,,1210
2016,Volkswagen,MY17,Polo,beats,1.2,4cyl,Turbo,7,Auto,4,5,Hatch,2,Petrol 95RON,112,138,98,4.8,5.9,4.2,,,Euro 5,76,3750,No,2017,139,1.57,,1210
2022,Skoda,MY22,Kamiq,Ambition,1.5,4cyl,Turbo,6,Manual,4,5,SUV,2,Petrol 95RON,112,147,91,4.9,6.4,4,,,Euro 6,76,3750,No,2023,142,1.57,,1235
2003,Smart,,fortwo,Cabrio,0.7,3cyl,Turbo,6,Auto,2,2,Convertible,2,Petrol 95RON,113,,,4.8,,,,,Euro 3,,,No,2008,139,1.58,,1210
2003,Smart,,fortwo,City Coupe,0.7,3cyl,Turbo,6,Auto,2,2,Coupe,2,Petrol 95RON,113,,,4.8,,,,,Euro 3,,,No,2008,139,1.58,,1210
2003,Smart,,fortwo,City Coupe,0.7,3cyl,Turbo,6,Auto,2,2,Coupe,2,Petrol 95RON,113,,,4.8,,,,,Euro 3,,,No,2009,139,1.58,,1210
2003,Smart,,fortwo,Cabrio,0.7,3cyl,Turbo,6,Auto,2,2,Convertible,2,Petrol 95RON,113,,,4.8,,,,,Euro 3,,,No,2009,139,1.58,,1210
2013,Lexus,,IS300h,,2.5,4cyl,Normal,1,CVT,4,5,Sedan,2,Petrol 95RON,113,117,117,4.9,5,5,,,Euro 4,68,2500,No,2015,142,1.58,,1235
2013,Lexus,,IS300h,Hybrid,2.5,4cyl,Normal,1,CVT,4,5,Sedan,2,Petrol 95RON,113,117,117,4.9,5,5,,,Euro 4,68,2500,No,2015,142,1.58,,1235
2022,Skoda,MY22,Kamiq,85TSI,1,3cyl,Turbo,7,Auto,4,5,SUV,2,Petrol 95RON,113,132,102,5,5.8,4.5,,,Euro 6,72,3750,No,2023,145,1.58,,1260
2020,Skoda,MY21,Kamiq,85TSI,1,3cyl,Turbo,7,Auto,4,5,SUV,2,Petrol 95RON,113,132,102,5,5.8,4.5,,,Euro 6,72,3750,No,2022,145,1.58,,1260
2020,Skoda,MY20,Kamiq,85TSI,1,3cyl,Turbo,7,Auto,4,5,SUV,2,Petrol 95RON,113,132,102,5,5.8,4.5,,,Euro 6,72,3750,No,2020,145,1.58,,1260
2016,Renault,2016,Captur,,0.9,3cyl,Turbo,5,Manual,4,5,Hatch,2,Petrol 95RON,113,134,101,5.1,6,4.5,,,Euro 6,80,3750,No,2017,148,1.58,,1285
2020,Volkswagen,MY21,Polo,70TSI Trendline,1,3cyl,Turbo,7,Auto,4,5,Hatch,2,Petrol 95RON,113,137,99,5,6,4.4,,,Euro 6,74,3750,No,2022,145,1.58,,1260
2019,Volkswagen,MY20,Polo,70TSI Trendline,1,3cyl,Turbo,7,Auto,4,5,Hatch,2,Petrol 95RON,113,137,99,5,6,4.4,,,Euro 6,74,3750,No,2020,145,1.58,,1260
2014,Renault,,Captur,,0.9,3cyl,Turbo,5,Manual,4,5,Hatch,2,Petrol 95RON,113,137,100,4.9,5.9,4.3,,,Euro 5,80,3750,No,2016,142,1.58,,1235
2014,MINI,F56,One,Hardtop,1.2,3cyl,Turbo,6,Manual,2,4,Hatch,2,Petrol 95RON,113,139,98,4.9,6,4.2,,,Euro 6,79,3000,No,2025,142,1.58,,1235
2009,Suzuki,,Alto,GLX,1,3cyl,Normal,5,Manual,4,4,Hatch,2,Petrol 95RON,113,139,104,4.8,5.7,4.3,,,Euro 4,82,4500,No,2010,139,1.58,,1210
2009,Suzuki,,Alto,GL,1,3cyl,Normal,5,Manual,4,4,Hatch,2,Petrol 95RON,113,139,104,4.8,5.7,4.3,,,Euro 4,82,4500,No,2010,139,1.58,,1210
2015,Citroen,,C4,Seduction 96kW Petrol Auto,1.2,3cyl,Normal,6,Auto,4,5,Sedan,2,Petrol 95RON,113,142,96,4.9,6.1,4.2,,,Euro 6,76,3750,No,2019,142,1.58,,1235
2015,Citroen,,C4,Seduction 96kW Petrol Auto,1.2,4cyl,Normal,4,Auto,4,5,Sedan,2,Petrol 95RON,113,142,96,4.9,6.1,4.2,,,Euro 6,76,3750,No,2015,142,1.58,,1235
2023,Skoda,MY23,Fabia,Monte Carlo Edition 150,1.5,4cyl,Turbo,7,Auto,4,5,Hatch,2,Petrol 95RON,113,144,95,4.9,6.3,4.1,,,Euro 6,73,3750,Yes,0,142,1.58,,1235
2022,Skoda,MY22,Fabia,Monte Carlo Edition 150,1.5,4cyl,Turbo,7,Auto,4,5,Hatch,2,Petrol 95RON,113,144,95,4.9,6.3,4.1,,,Euro 6,73,3750,No,2023,142,1.58,,1235
2015,Volkswagen,,Polo,81TSI Comfortline,1.2,4cyl,Turbo,6,Manual,4,5,Hatch,2,Petrol 95RON,113,144,95,4.9,6.2,4.1,,,Euro 6,74,3750,No,2015,142,1.58,,1235
2015,Volkswagen,,Polo,81TSI Comfortline,1.2,4cyl,Turbo,6,Manual,4,5,Hatch,2,Petrol 95RON,113,144,95,4.9,6.2,4.1,,,Euro 6,74,3750,No,2017,142,1.58,,1235
2017,Volkswagen,MY17,Polo,Urban+,1.2,4cyl,Turbo,6,Manual,4,5,Hatch,2,Petrol 95RON,113,144,95,4.9,6.2,4.1,,,Euro 5,74,3750,No,2018,142,1.58,,1235
2016,Volkswagen,MY17,Polo,81TSI Comfortline,1.2,4cyl,Turbo,6,Manual,4,5,Hatch,2,Petrol 95RON,113,144,95,4.9,6.2,4.1,,,Euro 5,74,3750,No,2017,142,1.58,,1235
2016,Volkswagen,MY17,Polo,beats,1.2,4cyl,Turbo,6,Manual,4,5,Hatch,2,Petrol 95RON,113,144,95,4.9,6.2,4.1,,,Euro 5,74,3750,No,2017,142,1.58,,1235
2025,Skoda,MY25,Fabia,Select,1,3cyl,Turbo,7,Auto,4,5,Hatch,2,Petrol 95RON,114,134,102,5,5.9,4.5,,,Euro 6,70,3750,Yes,0,145,1.6,,1260
2024,Skoda,MY24,Fabia,Select,1,3cyl,Turbo,7,Auto,4,5,Hatch,2,Petrol 95RON,114,134,102,5,5.9,4.5,,,Euro 6,70,3750,No,2026,145,1.6,,1260
2024,Skoda,MY24,Fabia,Select,1,3cyl,Turbo,7,Auto,4,5,Hatch,2,Petrol 95RON,114,134,102,5,5.9,4.5,,,Euro 6,70,3750,No,2025,145,1.6,,1260
2022,Audi,,A3 Sportback,35 TFSI S-tronic 18 Inch Wheel,1.5,4cyl,Turbo,7,Auto,4,5,Hatch,2,Petrol 95RON,114,138,99,5,6.1,4.3,,,Euro 6,73,3750,Yes,0,145,1.6,,1260
2013,Peugeot,,2008,1.2 VTi,1.2,3cyl,Normal,5,Manual,4,5,Wagon,2,Petrol 95RON,114,139,99,4.9,6,4.3,,,Euro 5,75,3750,No,2017,142,1.6,,1235
2022,Audi,,A3 Sportback,35 TFSI S-tronic 19 Inch Wheel,1.5,4cyl,Turbo,7,Auto,4,5,Hatch,2,Petrol 95RON,114,139,100,5,6.1,4.4,,,Euro 6,73,3750,Yes,0,145,1.6,,1260
2014,MINI,F55,Cooper,Station Wagon,1.5,3cyl,Turbo,6,Manual,4,5,Wagon,2,Petrol 95RON,114,141,98,4.9,6.1,4.2,,,Euro 6,83,3300,No,2025,142,1.6,,1235
2013,Volkswagen,,up!,3 Door,1,3cyl,Normal,5,Manual,2,4,Hatch,2,Petrol 95RON,114,141,98,4.9,6.1,4.2,,,Euro 5,77,3750,No,2013,142,1.6,,1235
2013,Volkswagen,,up!,5 Door,1,3cyl,Normal,5,Manual,4,4,Hatch,2,Petrol 95RON,114,141,98,4.9,6.1,4.2,,,Euro 5,77,3750,No,2013,142,1.6,,1235
2014,Audi,92kW,A3 Sportback,1.4 TFSI Attraction S-Tronic,1.4,4cyl,Turbo,7,Auto,4,5,Hatch,2,Petrol 95RON,114,141,99,4.9,6.1,4.3,,,Euro 6,73,3750,No,2016,142,1.6,,1235
2015,Skoda,,Rapid,81TSI,1.2,4cyl,Turbo,6,Manual,4,5,Hatch,2,Petrol 95RON,114,145,97,5,6.3,4.3,,,Euro 6,72,3750,No,2020,145,1.6,,1260
2015,Skoda,,Rapid,Monte Carlo 81TSI,1.2,4cyl,Turbo,6,Manual,4,5,Hatch,2,Petrol 95RON,114,145,97,5,6.3,4.3,,,Euro 6,72,3750,No,2020,145,1.6,,1260
2016,Alfa Romeo,,Giulietta,1.4TB 125kW,1.4,4cyl,Turbo,6,Auto,4,5,Sedan,2,Petrol 95RON,114,146,95,4.9,6.3,4.1,,,Euro 6,78,4125,No,2022,142,1.6,,1235
2016,Audi,,A3 Sportback,1.0 TFSI S-Tronic 18 Inch Wheel,1,4cyl,Turbo,7,Auto,4,5,Hatch,2,Petrol 95RON,115,135,103,5,5.9,4.5,,,Euro 6,71,3750,Yes,0,145,1.61,,1260
2022,Volkswagen,MY22,Polo,85TSI Style,1,3cyl,Turbo,7,Auto,4,5,Hatch,2,Petrol 95RON,115,136,103,5,5.9,4.5,,,Euro 6,72,3750,No,2022,145,1.61,,1260
2022,Volkswagen,MY22,Polo,85TSI Life,1,3cyl,Turbo,7,Auto,4,5,Hatch,2,Petrol 95RON,115,136,103,5,5.9,4.5,,,Euro 6,72,3750,No,2022,145,1.61,,1260
2022,Volkswagen,MY23,Polo,85TSI Life,1,3cyl,Turbo,7,Auto,4,5,Hatch,2,Petrol 95RON,115,136,103,5,5.9,4.5,,,Euro 6,72,3750,No,2023,145,1.61,,1260
2022,Volkswagen,MY23,Polo,85TSI Style,1,3cyl,Turbo,7,Auto,4,5,Hatch,2,Petrol 95RON,115,136,103,5,5.9,4.5,,,Euro 6,72,3750,No,2023,145,1.61,,1260
2020,Volkswagen,MY21,Polo,85TSI Comfortline,1,3cyl,Turbo,7,Auto,4,5,Hatch,2,Petrol 95RON,115,136,103,5,5.9,4.5,,,Euro 6,72,3750,No,2022,145,1.61,,1260
2020,Volkswagen,MY21,Polo,85TSI Style,1,3cyl,Turbo,7,Auto,4,5,Hatch,2,Petrol 95RON,115,136,103,5,5.9,4.5,,,Euro 6,72,3750,No,2022,145,1.61,,1260
2019,Volkswagen,MY20,Polo,85TSI Comfortline,1,3cyl,Turbo,7,Auto,4,5,Hatch,2,Petrol 95RON,115,136,103,5,5.9,4.5,,,Euro 6,72,3750,No,2020,145,1.61,,1260
2019,Volkswagen,MY20,Polo,85TSI Style,1,3cyl,Turbo,7,Auto,4,5,Hatch,2,Petrol 95RON,115,136,103,5,5.9,4.5,,,Euro 6,72,3750,No,2020,145,1.61,,1260
2014,MINI,F56,Cooper,Hardtop,1.5,3cyl,Turbo,6,Auto,2,4,Hatch,2,Petrol 95RON,115,142,99,4.9,6.1,4.2,,,Euro 6,80,3300,No,2025,142,1.61,,1235
2019,Peugeot,,308,GT Line,1.2,3cyl,Turbo,6,Auto,4,5,Sedan,2,Petrol 95RON,115,142,99,5.1,6.4,4.4,,,Euro 6,74,3750,No,2020,148,1.61,,1285
2016,Audi,,A3 Sedan,1.4 TFSI S-Tronic 17 Inch Wheel,1.4,4cyl,Turbo,7,Auto,4,5,Sedan,2,Petrol 95RON,115,142,100,4.9,6,4.2,,,Euro 6,74,3750,Yes,0,142,1.61,,1235
2013,Fiat,,500,1.2 8V Dualogic,1.2,4cyl,Normal,5,Auto,2,4,Sedan,2,Petrol 95RON,115,143,99,5,6.2,4.3,,,Euro 5,86,4125,No,2016,145,1.61,,1260
2016,Fiat,Series 4,500,1.2 8V Manual,1.2,4cyl,Normal,5,Manual,2,4,Sedan,2,Petrol 95RON,115,144,98,4.9,6.2,4.2,,,Euro 6,82,4125,Yes,0,142,1.61,,1235
2016,Fiat,Series 4,500C,1.2 8V Manual,1.2,4cyl,Normal,5,Manual,2,4,Convertible,2,Petrol 95RON,115,144,98,4.9,6.2,4.2,,,Euro 6,82,4125,Yes,0,142,1.61,,1235
2011,Smart,,fortwo,Coupe 62kW,1,3cyl,Turbo,5,Auto,2,2,Coupe,2,Petrol 95RON,115,146,95,4.9,6.3,4.1,,,Euro 5,84,3938,No,2016,142,1.61,,1235
2011,Smart,,fortwo,Cabrio 62kW,1,3cyl,Turbo,5,Auto,2,2,Convertible,2,Petrol 95RON,115,146,95,4.9,6.3,4.1,,,Euro 5,84,3938,No,2016,142,1.61,,1235
2008,Smart,,fortwo,Cabrio 52kW,1,3cyl,Normal,5,Auto,2,2,Convertible,2,Petrol 95RON,116,,,4.9,,,,,Euro 4,83,3325,No,2008,142,1.62,,1235
2008,Smart,,fortwo,Cabrio 62kW,1,3cyl,Turbo,5,Auto,2,2,Convertible,2,Petrol 95RON,116,,,4.9,,,,,Euro 4,84,3938,No,2009,142,1.62,,1235
2008,Smart,,fortwo,Coupe 62kW,1,3cyl,Turbo,5,Auto,2,2,Coupe,2,Petrol 95RON,116,,,4.9,,,,,Euro 4,84,3938,No,2009,142,1.62,,1235
2021,Audi,,Q2,35 TFSI S-tronic 17 inch,1.5,4cyl,Turbo,7,Auto,4,5,SUV,2,Petrol 95RON,116,136,105,5.1,5.9,4.6,,,Euro 6,79,3750,Yes,0,148,1.62,,1285
2013,Audi,90kW,A3 Sportback,1.4T FSI Attraction S-Tronic,1.4,4cyl,Turbo,7,Auto,4,5,Hatch,2,Petrol 95RON,116,142,100,5,6.1,4.3,,,Euro 5,73,3750,No,2014,145,1.62,,1260
2020,Volkswagen,MY21,Polo,85TSI Comfortline,1,3cyl,Turbo,6,Manual,4,5,Hatch,2,Petrol 95RON,116,142,101,5.1,6.2,4.4,,,Euro 6,71,3750,No,2022,148,1.62,,1285
2019,Volkswagen,MY20,Polo,85TSI Comfortline,1,3cyl,Turbo,6,Manual,4,5,Hatch,2,Petrol 95RON,116,142,101,5.1,6.2,4.4,,,Euro 6,71,3750,No,2020,148,1.62,,1285
2018,Volkswagen,MY18,Polo,85TSI Comfortline,1,3cyl,Turbo,6,Manual,4,5,Hatch,2,Petrol 95RON,116,142,101,5.1,6.2,4.4,,,Euro 6,71,3750,No,2019,148,1.62,,1285
2018,Volkswagen,MY18,Polo,beats,1,3cyl,Turbo,6,Manual,4,5,Hatch,2,Petrol 95RON,116,142,101,5.1,6.2,4.4,,,Euro 6,71,3750,No,2019,148,1.62,,1285
2018,Volkswagen,MY18,Polo,Launch Edition,1,3cyl,Turbo,6,Manual,4,5,Hatch,2,Petrol 95RON,116,142,101,5.1,6.2,4.4,,,Euro 6,71,3750,No,2019,148,1.62,,1285
2014,MINI,F55,Cooper,Station Wagon,1.5,3cyl,Turbo,6,Auto,4,5,Wagon,2,Petrol 95RON,116,143,100,5,6.2,4.3,,,Euro 6,80,3300,No,2025,145,1.62,,1260
2022,Skoda,MY22,Kamiq,85TSI,1,3cyl,Turbo,5,Manual,4,5,SUV,2,Petrol 95RON,116,145,98,5.1,6.4,4.3,,,Euro 6,72,3750,No,2023,148,1.62,,1285
2020,Skoda,MY21,Kamiq,85TSI,1,3cyl,Turbo,5,Manual,4,5,SUV,2,Petrol 95RON,116,145,98,5.1,6.4,4.3,,,Euro 6,72,3750,No,2022,148,1.62,,1285
2020,Skoda,MY20,Kamiq,85TSI,1,3cyl,Turbo,5,Manual,4,5,SUV,2,Petrol 95RON,116,145,98,5.1,6.4,4.3,,,Euro 6,72,3750,No,2020,148,1.62,,1285
2009,Smart,,fortwo,Coupe 62kW,1,3cyl,Turbo,5,Auto,2,2,Coupe,2,Petrol 95RON,116,157,99,4.9,6.4,4.1,,,Euro 4,84,3938,No,2010,142,1.62,,1235
2009,Smart,,fortwo,Cabrio 62kW,1,3cyl,Turbo,5,Auto,2,2,Convertible,2,Petrol 95RON,116,157,99,4.9,6.4,4.1,,,Euro 4,84,3938,No,2010,142,1.62,,1235
2014,MINI,F56,One,Hardtop,1.2,3cyl,Turbo,6,Auto,2,4,Hatch,2,Petrol 95RON,117,140,104,5,6,4.5,,,Euro 6,81,3000,No,2025,145,1.64,,1260
2026,Skoda,MY26,Octavia,Select Hybrid (mHEV),1.5,4cyl,Turbo,7,Auto,4,5,Sedan,2,Petrol 95RON,117,142,102,5.1,6.3,4.5,,,Euro 6,79,3750,Yes,0,148,1.64,,1285
2014,MINI,F55,One,Station Wagon,1.2,3cyl,Turbo,6,Manual,4,5,Wagon,2,Petrol 95RON,117,143,102,5,6.2,4.4,,,Euro 6,79,3000,No,2025,145,1.64,,1260
2016,Audi,,A3 Sedan,1.4 TFSI S-Tronic 18 Inch Wheel,1.4,4cyl,Turbo,7,Auto,4,5,Sedan,2,Petrol 95RON,117,143,102,5.1,6.2,4.4,,,Euro 6,74,3750,Yes,0,148,1.64,,1285
2024,Audi,,A1 Sportback,35 TFSI S-Tronic 16 inch,1.5,4cyl,Turbo,7,Other,4,5,Hatch,2,Petrol 95RON,117,143,102,5.2,6.3,4.5,,,Euro 6,74,3750,Yes,0,151,1.64,,1310
2016,Audi,,A3 Sportback,1.4 TFSI S-Tronic 17 Inch Wheel,1.4,4cyl,Turbo,7,Auto,4,5,Hatch,2,Petrol 95RON,117,143,103,5,6.1,4.4,,,Euro 6,74,3750,Yes,0,145,1.64,,1260
2016,Audi,,A3 Sedan,1.4 TFSI S-Tronic 19 Inch Wheel,1.4,4cyl,Turbo,7,Auto,4,5,Sedan,2,Petrol 95RON,117,143,103,5.1,6.2,4.4,,,Euro 6,74,3750,Yes,0,148,1.64,,1285
2024,Audi,,A1 Sportback,35 TFSI S-Tronic 17 inch,1.5,4cyl,Turbo,7,Other,4,5,Hatch,2,Petrol 95RON,117,143,103,5.2,6.3,4.5,,,Euro 6,74,3750,Yes,0,151,1.64,,1310
2015,Citroen,,C4,Exclusive 96kW Petrol Auto,1.2,4cyl,Normal,4,Auto,4,5,Sedan,2,Petrol 95RON,117,144,102,5.1,6.2,4.4,,,Euro 6,76,3750,No,2015,148,1.64,,1285
2015,Citroen,,C4,Exclusive 96kW Petrol Auto,1.2,3cyl,Normal,6,Auto,4,5,Sedan,2,Petrol 95RON,117,144,102,5.1,6.2,4.4,,,Euro 6,76,3750,No,2019,148,1.64,,1285
2022,Audi,,A1 Sportback,35 TFSI S-tronic 17 Inch Wheel,1.4,4cyl,Turbo,7,Auto,4,5,Hatch,2,Petrol 98RON,121,152,102,5.3,6.7,4.5,,,Euro 6,71,3750,Yes,0,154,1.69,,1395
2022,Audi,,A1 Sportback,35 TFSI S-tronic 18 Inch Wheel,1.4,4cyl,Turbo,7,Auto,4,5,Hatch,2,Petrol 98RON,123,155,105,5.4,6.8,4.6,,,Euro 6,71,3750,Yes,0,157,1.72,,1421
2016,Volkswagen,MY17,Polo,GTI,1.8,4cyl,Turbo,7,Auto,4,5,Hatch,2,Petrol 98RON,132,168,111,5.7,7.3,4.8,,,Euro 5,79,3750,No,2018,165,1.85,,1500
2015,Volkswagen,,Polo,GTI,1.8,4cyl,Turbo,7,Auto,4,5,Hatch,2,Petrol 98RON,132,168,111,5.7,7.3,4.8,,,Euro 5,79,3750,No,2017,165,1.85,,1500
2015,Volkswagen,,Polo,GTI,1.8,4cyl,Turbo,7,Auto,4,5,Hatch,2,Petrol 98RON,132,168,111,5.7,7.3,4.8,,,Euro 5,79,3750,No,2015,165,1.85,,1500
2019,BMW,F40,1 Series,118i,1.5,3cyl,Turbo,7,Auto,4,5,Hatch,2,Petrol 98RON,135,160,121,5.9,7,5.3,,,Euro 6,82,3450,No,2025,171,1.89,,1553
2018,MINI,F56,John Cooper Works,Hardtop,2,4cyl,Turbo,8,Auto,2,4,Hatch,2,Petrol 98RON,137,163,122,6,7.1,5.3,,,Euro 6,90,3750,No,2025,174,1.92,,1579
2015,Jeep,BU,Renegade,Sport 1.4,1.4,4cyl,Turbo,6,Auto,4,5,SUV,2,Petrol 98RON,137,171,117,5.9,7.4,5,,,Euro 6,77,3750,No,2022,171,1.92,,1553
2015,Jeep,BU,Renegade,Longitude,1.4,4cyl,Turbo,6,Auto,4,5,SUV,2,Petrol 98RON,137,171,117,5.9,7.4,5,,,Euro 6,77,3750,No,2022,171,1.92,,1553
2015,Jeep,BU,Renegade,Limited,1.4,4cyl,Turbo,6,Auto,4,5,SUV,2,Petrol 98RON,137,171,117,5.9,7.4,5,,,Euro 6,77,3750,No,2022,171,1.92,,1553
2022,Volkswagen,MY23,Polo,GTI,2,4cyl,Turbo,6,Auto,4,5,Hatch,2,Petrol 98RON,140,181,116,6.1,7.9,5.1,,,Euro 6,83,3750,No,2023,177,1.96,,1606
2022,Volkswagen,MY22,Polo,GTI,2,4cyl,Turbo,6,Auto,4,5,Hatch,2,Petrol 98RON,140,181,116,6.1,7.9,5.1,,,Euro 6,83,3750,No,2022,177,1.96,,1606
2020,Volkswagen,MY21,Polo,GTI,2,4cyl,Turbo,6,Auto,4,5,Hatch,2,Petrol 98RON,140,181,116,6.1,7.9,5.1,,,Euro 6,83,3750,No,2022,177,1.96,,1606
2019,Volkswagen,MY20,Polo,GTI,2,4cyl,Turbo,6,Auto,4,5,Hatch,2,Petrol 98RON,140,181,116,6.1,7.9,5.1,,,Euro 6,83,3750,No,2020,177,1.96,,1606
2018,Volkswagen,MY19,Polo,GTI,2,4cyl,Turbo,6,Auto,4,5,Hatch,2,Petrol 98RON,140,181,116,6.1,7.9,5.1,,,Euro 6,83,3750,No,2019,177,1.96,,1606
2018,Volkswagen,MY18,Polo,GTI,2,4cyl,Turbo,6,Auto,4,5,Hatch,2,Petrol 98RON,140,181,116,6.1,7.9,5.1,,,Euro 6,83,3750,No,2019,177,1.96,,1606
2015,Jeep,BU,Renegade,Sport 1.6,1.6,4cyl,Normal,5,Manual,4,5,SUV,2,Petrol 98RON,141,181,117,6,7.8,5,,,Euro 6,80,3750,No,2022,174,1.97,,1579
2018,Volkswagen,MY18,Golf,GTI Original,2,4cyl,Turbo,6,Manual,2,5,Hatch,2,Petrol 98RON,141,183,117,6.7,8.3,5.8,,,Euro 6,78,3750,No,2019,194,1.97,,1763
2016,Volkswagen,MY17,Polo,GTI,1.8,4cyl,Turbo,6,Manual,4,5,Hatch,2,Petrol 98RON,142,178,121,6.1,7.7,5.2,,,Euro 5,78,3750,No,2018,177,1.99,,1606
2015,Volkswagen,,Polo,GTI,1.8,4cyl,Turbo,6,Manual,4,5,Hatch,2,Petrol 98RON,142,178,121,6.1,7.7,5.2,,,Euro 5,78,3750,No,2015,177,1.99,,1606
2015,Volkswagen,,Polo,GTI,1.8,4cyl,Turbo,6,Manual,4,5,Hatch,2,Petrol 98RON,142,178,121,6.1,7.7,5.2,,,Euro 5,78,3750,No,2017,177,1.99,,1606
2013,Volkswagen,,Polo,GTI,1.4,4cyl,Turbo,7,Auto,2,5,Hatch,2,Petrol 98RON,142,179,124,6.1,7.7,5.3,,,Euro 5,71,2413,No,2013,177,1.99,,1606
2013,Volkswagen,,Polo,GTI,1.4,4cyl,Turbo,7,Auto,4,5,Hatch,2,Petrol 98RON,142,179,124,6.1,7.7,5.3,,,Euro 5,71,2413,No,2013,177,1.99,,1606
2012,Volkswagen,,Polo,GTI,1.4,4cyl,Turbo,7,Auto,2,5,Hatch,2,Petrol 98RON,142,179,124,6.1,7.7,5.3,,,Euro 5,71,2413,No,2012,177,1.99,,1606
2012,Volkswagen,,Polo,GTI,1.4,4cyl,Turbo,7,Auto,4,5,Hatch,2,Petrol 98RON,142,179,124,6.1,7.7,5.3,,,Euro 5,71,2413,No,2012,177,1.99,,1606
2014,Volkswagen,,Polo,GTI,1.4,4cyl,Turbo,7,Auto,2,5,Hatch,2,Petrol 98RON,142,179,124,6.1,7.7,5.3,,,Euro 5,78,3610,No,2014,177,1.99,,1606
2014,Volkswagen,,Polo,GTI,1.4,4cyl,Turbo,7,Auto,4,5,Hatch,2,Petrol 98RON,142,179,124,6.1,7.7,5.3,,,Euro 5,78,3610,No,2014,177,1.99,,1606
2012,Volkswagen,,Polo,GTI,1.4,4cyl,Turbo,7,Auto,2,5,Hatch,2,Petrol 98RON,142,179,124,6.1,7.7,5.3,,,Euro 5,79,3610,No,2012,177,1.99,,1606
2012,Volkswagen,,Polo,GTI,1.4,4cyl,Turbo,7,Auto,4,5,Hatch,2,Petrol 98RON,142,179,124,6.1,7.7,5.3,,,Euro 5,79,3610,No,2012,177,1.99,,1606
2011,Volkswagen,,Polo,GTI,1.4,4cyl,Supercharged,7,Auto,2,5,Hatch,2,Petrol 98RON,142,179,124,6.1,7.7,5.3,,,Euro 5,79,3610,No,2011,177,1.99,,1606
2011,Volkswagen,,Polo,GTI,1.4,4cyl,Supercharged,7,Auto,4,5,Hatch,2,Petrol 98RON,142,179,124,6.1,7.7,5.3,,,Euro 5,79,3610,No,2011,177,1.99,,1606
2017,MINI,F60,Cooper,Countryman,1.5,3cyl,Turbo,7,Auto,4,5,Wagon,2,Petrol 98RON,143,169,128,6.3,7.4,5.6,,,Euro 6,79,3375,No,2020,183,2,,1658
2020,MINI,F60,Cooper,Countryman,1.5,3cyl,Turbo,7,Auto,4,5,Wagon,2,Petrol 98RON,143,172,126,6.3,7.5,5.5,,,Euro 6,79,3375,No,2025,183,2,,1658
2019,BMW,F40,1 Series,118i,1.5,3cyl,Turbo,6,Manual,4,5,Hatch,2,Petrol 98RON,143,180,121,6.3,7.9,5.3,,,Euro 6,82,3450,No,2025,183,2,,1658
2009,Volkswagen,,Golf,90TSI Trendline,1.4,4cyl,Turbo,7,Auto,4,5,Hatch,2,Petrol 98RON,143,184,121,6.2,7.9,5.2,,,Euro 5,76,3750,No,2010,180,2,,1632
2015,Volkswagen,,Golf,GTI,2,4cyl,Turbo,6,Manual,4,5,Hatch,2,Petrol 98RON,144,179,124,6.2,7.7,5.3,,,Euro 5,78,3750,No,2017,180,2.02,,1632
2015,Volkswagen,,Golf,GTI,2,4cyl,Turbo,6,Manual,4,5,Hatch,2,Petrol 98RON,144,179,124,6.2,7.7,5.3,,,Euro 5,78,3750,No,2015,180,2.02,,1632
2014,Volkswagen,,Golf,GTI,2,4cyl,Turbo,6,Manual,4,5,Hatch,2,Petrol 98RON,144,179,124,6.2,7.7,5.3,,,Euro 5,78,3750,No,2014,180,2.02,,1632
2009,Volkswagen,,Golf,118TSI Comfortline,1.4,4cyl,Supercharged,7,Auto,4,5,Hatch,2,Petrol 98RON,144,183,127,6.5,8.3,5.3,,,Euro 5,75,3800,No,2010,189,2.02,,1711
2021,BMW,G42,2 Series,220i,2,4cyl,Turbo,8,Auto,2,4,Coupe,2,Petrol 98RON,145,172,129,6.3,7.5,5.6,,,Euro 6,86,3750,Yes,0,183,2.03,,1658
2024,BMW,F70,1 Series,118,1.5,3cyl,Turbo,7,Auto,4,5,Hatch,2,Petrol 98RON,145,187,121,6.4,8.2,5.3,,,Euro 6,84,3750,Yes,0,186,2.03,,1684
2022,BMW,G20,3 Series,320i,2,4cyl,Turbo,8,Auto,4,5,Sedan,2,Petrol 98RON,147,173,132,6.5,7.6,5.8,,,Euro 6,81,3750,Yes,0,189,2.06,,1711
2022,BMW,G42,2 Series,230i,2,4cyl,Turbo,8,Auto,2,4,Coupe,2,Petrol 98RON,147,176,130,6.4,7.7,5.7,,,Euro 6,86,3750,Yes,0,186,2.06,,1684
2019,MINI,F60,Cooper,Countryman,1.5,3cyl,Turbo,6,Manual,4,5,Wagon,2,Petrol 98RON,147,177,129,6.4,7.8,5.6,,,Euro 6,80,3375,No,2025,186,2.06,,1684
2015,Skoda,,Octavia,RS 162TSI,2,4cyl,Turbo,6,Manual,4,5,Sedan,2,Petrol 98RON,147,185,130,6.4,7.9,5.5,,,Euro 6,75,3750,No,2020,186,2.06,,1684
2015,Skoda,,Octavia,RS 162TSI,2,4cyl,Turbo,6,Manual,4,5,Wagon,2,Petrol 98RON,147,185,130,6.4,7.9,5.5,,,Euro 6,75,3750,No,2020,186,2.06,,1684
2014,Skoda,,Octavia,RS 162TSI,2,4cyl,Turbo,6,Manual,4,5,Wagon,2,Petrol 98RON,147,185,130,6.4,7.9,5.5,,,Euro 6,75,3750,No,2015,186,2.06,,1684
2014,Skoda,,Octavia,RS 162TSI,2,4cyl,Turbo,6,Manual,4,5,Sedan,2,Petrol 98RON,147,185,130,6.4,7.9,5.5,,,Euro 6,75,3750,No,2015,186,2.06,,1684
2019,BMW,G29,Z4,sDrive20i,2,4cyl,Turbo,8,Auto,2,2,Convertible,2,Petrol 98RON,148,177,131,6.5,7.8,5.7,,,Euro 6,89,3375,Yes,0,189,2.07,,1711
2013,Skoda,,Fabia,RS 132TSI,1.4,4cyl,Supercharged,7,Auto,4,5,Hatch,2,Petrol 98RON,148,179,122,6.2,7.7,5.2,,,Euro 5,75,3750,No,2013,180,2.07,,1632
2013,Skoda,,Fabia,RS 132TSI,1.4,4cyl,Supercharged,7,Auto,4,5,Wagon,2,Petrol 98RON,148,179,122,6.2,7.7,5.2,,,Euro 5,75,3750,No,2013,180,2.07,,1632
2012,Skoda,,Fabia,RS,1.4,4cyl,Supercharged,7,Auto,4,5,Hatch,2,Petrol 98RON,148,179,122,6.2,7.7,5.2,,,Euro 5,75,3750,No,2012,180,2.07,,1632
2012,Skoda,,Fabia,RS,1.4,4cyl,Supercharged,7,Auto,4,5,Wagon,2,Petrol 98RON,148,179,122,6.2,7.7,5.2,,,Euro 5,75,3750,No,2012,180,2.07,,1632
2015,Skoda,,Fabia,RS 132TSI,1.4,4cyl,Supercharged,7,Auto,4,5,Hatch,2,Petrol 98RON,148,179,122,6.2,7.7,5.2,,,Euro 5,78,3750,No,2015,180,2.07,,1632
2015,Skoda,,Fabia,RS 132TSI,1.4,4cyl,Supercharged,7,Auto,4,5,Wagon,2,Petrol 98RON,148,179,122,6.2,7.7,5.2,,,Euro 5,78,3750,No,2015,180,2.07,,1632
2014,Skoda,,Fabia,RS 132TSI,1.4,4cyl,Supercharged,7,Auto,4,5,Hatch,2,Petrol 98RON,148,179,122,6.2,7.7,5.2,,,Euro 5,78,3750,No,2015,180,2.07,,1632
2014,Skoda,,Fabia,RS 132TSI,1.4,4cyl,Supercharged,7,Auto,4,5,Wagon,2,Petrol 98RON,148,179,122,6.2,7.7,5.2,,,Euro 5,78,3750,No,2015,180,2.07,,1632
2022,BMW,U11,X1,sDrive18i,1.5,3cyl,Turbo,7,Auto,4,5,Wagon,2,Petrol 98RON,148,181,129,6.5,8,5.7,,,Euro 6,75,3750,Yes,0,189,2.07,,1711
2021,BMW,G26,4 Series,420i Gran Coupe,2,4cyl,Turbo,8,Auto,4,5,Sedan,2,Petrol 98RON,149,179,132,6.5,7.9,5.8,,,Euro 6,88,3750,Yes,0,189,2.09,,1711
2019,BMW,G29,Z4,sDrive30i,2,4cyl,Turbo,8,Auto,2,2,Convertible,2,Petrol 98RON,149,181,131,6.5,7.9,5.7,,,Euro 6,88,3750,Yes,0,189,2.09,,1711
2022,BMW,G20,3 Series,330i,2,4cyl,Turbo,8,Auto,4,5,Sedan,2,Petrol 98RON,149,181,131,6.5,8,5.7,,,Euro 6,90,3750,Yes,0,189,2.09,,1711
2019,Skoda,,Octavia,RS auto,2,4cyl,Turbo,7,Auto,4,5,Sedan,2,Petrol 98RON,149,191,125,6.5,8.4,5.4,,,Euro 6,80,3750,No,2020,189,2.09,,1711
2019,Skoda,,Octavia,RS Wagon auto,2,4cyl,Turbo,7,Auto,4,5,Wagon,2,Petrol 98RON,149,191,125,6.5,8.4,5.4,,,Euro 6,80,3750,No,2020,189,2.09,,1711
2009,Volkswagen,,Golf,90TSI Trendline,1.4,4cyl,Turbo,6,Manual,4,5,Hatch,2,Petrol 98RON,149,195,123,6.4,8.4,5.3,,,Euro 5,75,3750,No,2010,186,2.09,,1684
2010,Audi,,TT Coupe,1.8T FSI Manual,1.8,4cyl,Turbo,6,Manual,2,4,Coupe,2,Petrol 98RON,149,198,120,6.4,8.5,5.2,,,Euro 4,85,3800,No,2011,186,2.09,,1684
2009,Volkswagen,,Golf,118TSI Comfortline,1.4,4cyl,Supercharged,6,Manual,4,5,Hatch,2,Petrol 98RON,150,192,123,6.2,7.7,5.3,,,Euro 5,75,3800,No,2010,180,2.1,,1632
2020,Volkswagen,MY20,Golf,GTI,2,4cyl,Turbo,7,Auto,4,5,Hatch,2,Petrol 98RON,150,192,125,6.5,8.4,5.4,,,Euro 6,86,3750,No,2021,189,2.1,,1711
2018,Volkswagen,MY19,Golf,GTI,2,4cyl,Turbo,7,Auto,4,5,Hatch,2,Petrol 98RON,150,192,125,6.5,8.4,5.4,,,Euro 6,86,3750,No,2020,189,2.1,,1711
2018,Volkswagen,MY18,Golf,GTI Performance Edition 2,2,4cyl,Turbo,7,Auto,2,5,Hatch,2,Petrol 98RON,150,192,125,6.5,8.4,5.4,,,Euro 6,86,3750,No,2019,189,2.1,,1711
2017,Volkswagen,MY17,Golf,GTI Performance Edition 1,2,4cyl,Turbo,7,Auto,2,5,Hatch,2,Petrol 98RON,150,192,125,6.5,8.4,5.4,,,Euro 6,86,3750,No,2018,189,2.1,,1711
2021,BMW,G26,4 Series,430i Gran Coupe,2,4cyl,Turbo,8,Auto,4,5,Sedan,2,Petrol 98RON,151,184,132,6.6,8.1,5.8,,,Euro 6,88,3750,Yes,0,191,2.11,,1737
2019,MINI,F60,Cooper S,Countryman,2,4cyl,Turbo,7,Auto,4,5,Wagon,2,Petrol 98RON,151,185,131,6.6,8.1,5.7,,,Euro 6,78,3750,No,2020,191,2.11,,1737
2018,Volkswagen,MY18,Golf,GTI,2,4cyl,Turbo,6,Manual,4,5,Hatch,2,Petrol 98RON,152,189,133,6.7,8.3,5.8,,,Euro 6,78,3750,No,2019,194,2.13,,1763
2017,Volkswagen,MY17,Golf,GTI,2,4cyl,Turbo,6,Manual,4,5,Hatch,2,Petrol 98RON,152,189,133,6.7,8.3,5.8,,,Euro 6,78,3750,No,2018,194,2.13,,1763
2009,Volkswagen,,Jetta,118TSI,1.4,4cyl,Supercharged,7,Auto,4,5,Sedan,2,Petrol 98RON,153,,,6.6,8.2,5.6,,,Euro 4,75,3800,No,2010,191,2.14,,1737
2020,MINI,F60,Cooper S,Countryman,2,4cyl,Turbo,7,Auto,4,5,Wagon,2,Petrol 98RON,153,184,135,6.7,8.1,5.9,,,Euro 6,77,3750,No,2025,194,2.14,,1763
2015,Volkswagen,,Golf,GTI,2,4cyl,Turbo,6,Auto,4,5,Hatch,2,Petrol 98RON,153,193,129,6.6,8.3,5.5,,,Euro 5,78,3750,No,2015,191,2.14,,1737
2015,Volkswagen,,Golf,GTI Performance,2,4cyl,Turbo,6,Auto,4,5,Hatch,2,Petrol 98RON,153,193,129,6.6,8.3,5.5,,,Euro 5,78,3750,No,2015,191,2.14,,1737
2015,Volkswagen,,Golf,GTI,2,4cyl,Turbo,6,Auto,4,5,Hatch,2,Petrol 98RON,153,193,129,6.6,8.3,5.5,,,Euro 5,78,3750,No,2017,191,2.14,,1737
2015,Volkswagen,,Golf,GTI Performance,2,4cyl,Turbo,6,Auto,4,5,Hatch,2,Petrol 98RON,153,193,129,6.6,8.3,5.5,,,Euro 5,78,3750,No,2017,191,2.14,,1737
2014,Volkswagen,,Golf,GTI,2,4cyl,Turbo,6,Auto,4,5,Hatch,2,Petrol 98RON,153,193,129,6.6,8.3,5.5,,,Euro 5,78,3750,No,2014,191,2.14,,1737
2014,Volkswagen,,Golf,GTI Performance,2,4cyl,Turbo,6,Auto,4,5,Hatch,2,Petrol 98RON,153,193,129,6.6,8.3,5.5,,,Euro 5,78,3750,No,2014,191,2.14,,1737
2022,BMW,G21,3 Series,330i touring,2,4cyl,Turbo,8,Auto,4,5,Wagon,2,Petrol 98RON,154,186,136,6.8,8.2,6,,,Euro 6,90,3750,Yes,0,197,2.16,,1790
2018,Volkswagen,MY18,Golf,GTI,2,4cyl,Turbo,6,Auto,4,5,Hatch,2,Petrol 98RON,154,194,131,6.6,8.4,5.6,,,Euro 6,78,3750,No,2019,191,2.16,,1737
2017,Volkswagen,MY17,Golf,GTI,2,4cyl,Turbo,6,Auto,4,5,Hatch,2,Petrol 98RON,154,194,131,6.6,8.4,5.6,,,Euro 6,78,3750,No,2018,191,2.16,,1737
2015,Skoda,,Octavia,RS 162TSI,2,4cyl,Turbo,6,Auto,4,5,Wagon,2,Petrol 98RON,154,194,132,6.6,8.3,5.6,,,Euro 6,74,3750,No,2020,191,2.16,,1737
2015,Skoda,,Octavia,RS 162TSI,2,4cyl,Turbo,6,Auto,4,5,Sedan,2,Petrol 98RON,154,194,132,6.6,8.3,5.6,,,Euro 6,74,3750,No,2019,191,2.16,,1737
2014,Skoda,,Octavia,RS 162TSI,2,4cyl,Turbo,6,Auto,4,5,Wagon,2,Petrol 98RON,154,194,132,6.6,8.3,5.6,,,Euro 6,74,3750,No,2015,191,2.16,,1737
2014,Skoda,,Octavia,RS 162TSI,2,4cyl,Turbo,6,Auto,4,5,Sedan,2,Petrol 98RON,154,194,132,6.6,8.3,5.6,,,Euro 6,74,3750,No,2015,191,2.16,,1737
2023,Cupra,MY23,Leon,VZX 221TSI,2,4cyl,Turbo,7,Auto,4,5,Hatch,2,Petrol 98RON,154,194,132,6.8,8.5,5.8,,,Euro 6,91,3750,No,2025,197,2.16,,1790
2023,Cupra,MY24,Leon,VZX 221TSI,2,4cyl,Turbo,7,Auto,4,5,Hatch,2,Petrol 98RON,154,194,132,6.8,8.5,5.8,,,Euro 6,91,3750,No,2025,197,2.16,,1790
2006,Volkswagen,,Polo,Club 3dr,1.4,4cyl,Normal,5,Manual,2,5,Hatch,2,Petrol 98RON,155,,,6.5,,,,,Euro 4,76,3750,No,2010,189,2.17,,1711
2020,BMW,F40,1 Series,128ti,2,4cyl,Turbo,8,Auto,4,5,Hatch,2,Petrol 98RON,156,193,135,6.8,8.4,5.9,,,Euro 6,80,3750,No,2025,197,2.18,,1790
2022,Cupra,MY22,Leon,VZX 221TSI,2,4cyl,Turbo,7,Auto,4,5,Hatch,2,Petrol 98RON,156,195,134,6.8,8.5,5.8,,,Euro 6,91,3750,No,2023,197,2.18,,1790
2015,Audi,,TTS Coupe,2.0 TFSI S-Tronic,2,4cyl,Turbo,6,Auto,2,4,Coupe,4,Petrol 98RON,157,191,137,6.8,5.3,5.9,,,Euro 6,93,3750,Yes,0,197,2.2,,1790
2018,MINI,F56,John Cooper Works,Hardtop,2,4cyl,Turbo,6,Manual,2,4,Hatch,2,Petrol 98RON,157,197,134,6.9,8.6,5.9,,,Euro 6,88,3750,No,2025,200,2.2,,1816
2015,Alfa Romeo,Coupe,4C,1.8T 240HP,1.8,4cyl,Turbo,6,Auto,2,2,Coupe,2,Petrol 98RON,157,228,115,6.8,9.8,5,,,Euro 6,95,3750,No,2022,197,2.2,,1790
2015,Alfa Romeo,Coupe Launch Edition,4C,1.8T 240HP,1.8,4cyl,Turbo,6,Auto,2,2,Coupe,2,Petrol 98RON,157,228,115,6.8,9.8,5,,,Euro 6,95,3750,No,2022,197,2.2,,1790
2018,Volkswagen,MY18,Golf,GTI Original,2,4cyl,Turbo,6,Auto,2,5,Hatch,2,Petrol 98RON,158,195,137,6.6,8.4,5.6,,,Euro 6,78,3750,No,2019,191,2.21,,1737
2009,Audi,,TT Coupe,1.8T FSI Manual,1.8,4cyl,Turbo,6,Manual,2,4,Coupe,2,Petrol 98RON,158,215,127,6.7,9,5.3,,,Euro 4,85,3800,No,2010,194,2.21,,1763
2009,Volkswagen,,Jetta,118TSI,1.4,4cyl,Supercharged,6,Manual,4,5,Sedan,2,Petrol 98RON,159,,,6.8,8.8,5.7,,,Euro 4,76,3800,No,2010,197,2.23,,1790
2015,Audi,,TTS Roadster,2.0 TFSI S-Tronic,2,4cyl,Turbo,6,Auto,2,2,Convertible,4,Petrol 98RON,159,193,140,6.9,8.4,6,,,Euro 6,86,3800,Yes,0,200,2.23,,1816
2010,Peugeot,,RCZ,,1.6,4cyl,Turbo,6,Manual,2,4,Sedan,2,Petrol 98RON,159,209,129,6.9,9.1,5.6,,,Euro 5,76,3750,No,2019,200,2.23,,1816
2009,Audi,,A3 Cabriolet,1.8T Attraction S-Tronic,1.8,4cyl,Turbo,7,Auto,2,4,Convertible,2,Petrol 98RON,159,212,128,6.9,9.1,5.5,,,Euro 4,79,3750,No,2011,200,2.23,,1816
2010,Citroen,,C4,,1.6,4cyl,Normal,5,Manual,4,5,Sedan,2,Petrol 98RON,159,220,124,6.7,9.3,5.2,,,Euro 4,81,4500,No,2012,194,2.23,,1763
2008,Citroen,,C4,,1.6,4cyl,Normal,5,Manual,4,5,Sedan,2,Petrol 98RON,159,220,124,6.7,9.3,5.2,,,Euro 4,81,4500,No,2010,194,2.23,,1763
2008,Citroen,,C4,,1.6,4cyl,Normal,5,Manual,2,5,Sedan,2,Petrol 98RON,159,220,124,6.7,9.3,5.2,,,Euro 4,81,4500,No,2010,194,2.23,,1763
2016,Porsche,982,718 Boxster,,2,4cyl,Turbo,7,Auto,2,2,Convertible,2,Petrol 98RON,160,206,132,7,9.1,5.8,,,Euro 6,97,3750,No,2020,203,2.24,,1842
2016,Porsche,982,718 Cayman,,2,4cyl,Turbo,7,Auto,2,2,Convertible,2,Petrol 98RON,160,206,132,7,9.1,5.8,,,Euro 6,97,3750,No,2018,203,2.24,,1842
2016,Porsche,982,718 Cayman,,2,4cyl,Turbo,7,Auto,2,2,Coupe,2,Petrol 98RON,160,206,132,7,9.1,5.8,,,Euro 6,97,3750,No,2020,203,2.24,,1842
2016,Porsche,718,982,Boxster,2,4cyl,Turbo,7,Auto,2,2,Convertible,2,Petrol 98RON,160,206,132,7,9.1,5.8,,,Euro 6,97,3750,No,2021,203,2.24,,1842
2015,Audi,,TTS Coupe,2.0 TFSI S-Tronic 20 Inch Wheel,2,4cyl,Turbo,6,Auto,2,4,Coupe,4,Petrol 98RON,161,194,141,6.9,8.4,6.1,,,Euro 6,93,3750,No,2020,200,2.25,,1816
2013,Mercedes-Benz,,A Class,A45 AMG,2,4cyl,Turbo,7,Auto,4,5,Sedan,4,Petrol 98RON,161,205,136,6.9,8.8,5.8,,,Euro 6,94,3750,No,2015,200,2.25,,1816
2015,Alfa Romeo,Spider,4C,1.8T 240HP,1.8,4cyl,Turbo,6,Auto,2,2,Convertible,2,Petrol 98RON,161,234,118,6.9,10.1,5.1,,,Euro 6,93,3750,No,2022,200,2.25,,1816
2019,Audi,,TTS Coupe,2.0 TFSI quattro S tronic,2,4cyl,Turbo,6,Auto,2,4,Coupe,4,Petrol 98RON,162,197,142,7,8.5,6.1,,,Euro 6,89,3750,Yes,0,203,2.27,,1842
2006,Volkswagen,,Polo,3/5dr,1.4,4cyl,Normal,5,Manual,2,5,Hatch,2,Petrol 98RON,163,,,6.8,,,,,Euro 4,77,3750,No,2006,197,2.28,,1790
2016,Volkswagen,MY16,Golf,GTI 40 Years,2,4cyl,Turbo,6,Auto,4,5,Hatch,2,Petrol 98RON,163,200,141,7.1,8.7,6.1,,,Euro 5,79,3750,No,2017,206,2.28,,1869
2017,MINI,F60,Cooper S,Countryman,2,4cyl,Turbo,6,Manual,4,5,Wagon,2,Petrol 98RON,163,203,139,7.1,8.9,6.1,,,Euro 6,80,3750,No,2025,206,2.28,,1869
2004,Suzuki,,Ignis Sport,,1.5,4cyl,Normal,5,Manual,2,5,Hatch,2,Petrol 98RON,164,,,6.9,,,,,Euro 2,,,No,2006,200,2.3,,1816
2017,MINI,F54,Clubman,John Cooper Works ALL4,2,4cyl,Turbo,8,Auto,4,5,Hatch,4,Petrol 98RON,164,203,142,7.2,8.9,6.2,,,Euro 6,81,3750,No,2025,209,2.3,,1895
2013,Mercedes-Benz,,CLA Class,CLA45 AMG,2,4cyl,Turbo,7,Auto,4,5,Coupe,4,Petrol 98RON,164,208,139,7,8.9,5.9,,,Euro 6,103,3750,No,2015,203,2.3,,1842
2015,Volkswagen,,Golf,R,2,4cyl,Turbo,6,Auto,4,5,Hatch,4,Petrol 98RON,164,208,143,7.1,9,6.1,,,Euro 6,88,3750,No,2017,206,2.3,,1869
2015,Volkswagen,,Golf,R,2,4cyl,Turbo,6,Auto,4,5,Hatch,4,Petrol 98RON,164,208,143,7.1,9,6.1,,,Euro 6,88,3750,No,2015,206,2.3,,1869
2015,Volkswagen,,Golf,R Wolfsburg Edition,2,4cyl,Turbo,6,Auto,4,5,Hatch,4,Petrol 98RON,164,208,143,7.1,9,6.1,,,Euro 6,88,3750,No,2017,206,2.3,,1869
2014,Volkswagen,,Golf,R,2,4cyl,Turbo,6,Auto,4,5,Hatch,4,Petrol 98RON,164,208,143,7.1,9,6.1,,,Euro 6,88,3750,No,2014,206,2.3,,1869
2022,BMW,U11,X1,xDrive20i,2,4cyl,Turbo,7,Auto,4,5,Wagon,4,Petrol 98RON,164,211,137,7.2,9.3,6,,,Euro 6,77,3750,Yes,0,209,2.3,,1895
2017,BMW,G30,5 Series,540i,3,6cyl,Turbo,8,Auto,4,5,Sedan,2,Petrol 98RON,164,212,136,7.2,9.3,5.9,,,Euro 6,76,3750,No,2020,209,2.3,,1895
2019,Subaru,,BRZ,BRZ Coupe,2,4cyl,Normal,6,Auto,2,4,Coupe,2,Petrol 98RON,164,223,131,7.1,9.6,5.7,,,Euro 5,79,3750,No,2025,206,2.3,,1869
2019,Subaru,,BRZ,BRZ-Premium,2,4cyl,Normal,6,Auto,2,4,Coupe,2,Petrol 98RON,164,223,131,7.1,9.6,5.7,,,Euro 5,79,3750,No,2025,206,2.3,,1869
2018,Subaru,,BRZ,BRZ,2,4cyl,Normal,6,Auto,2,4,Coupe,2,Petrol 98RON,164,223,131,7.1,9.6,5.7,,,Euro 5,79,3750,No,2022,206,2.3,,1869
2018,Subaru,,BRZ,BRZ-Premium,2,4cyl,Normal,6,Auto,2,4,Coupe,2,Petrol 98RON,164,223,131,7.1,9.6,5.7,,,Euro 5,79,3750,No,2022,206,2.3,,1869
2016,Toyota,,86,,2,4cyl,Normal,6,Auto,2,4,Coupe,2,Petrol 98RON,164,223,131,7.1,9.6,5.7,,,Euro 5,79,3750,Yes,0,206,2.3,,1869
2012,Subaru,,BRZ,,2,4cyl,Normal,6,Auto,2,4,Coupe,2,Petrol 98RON,164,223,131,7.1,9.6,5.7,,,Euro 5,79,3750,No,2017,206,2.3,,1869
2012,Toyota,,86,GTS,2,4cyl,Normal,6,Auto,2,4,Coupe,2,Petrol 98RON,164,223,131,7.1,9.6,5.7,,,Euro 5,79,3750,No,2017,206,2.3,,1869
2012,Toyota,,86,GT,2,4cyl,Normal,6,Auto,2,4,Coupe,2,Petrol 98RON,164,223,131,7.1,9.6,5.7,,,Euro 5,79,3750,No,2017,206,2.3,,1869
2010,Citroen,,C4,,1.6,4cyl,Turbo,6,Manual,4,5,Sedan,2,Petrol 98RON,164,234,127,6.9,9.8,5.3,,,Euro 4,82,4350,No,2012,200,2.3,,1816
2008,Citroen,,C4,,1.6,4cyl,Turbo,6,Manual,4,5,Sedan,2,Petrol 98RON,164,234,127,6.9,9.8,5.3,,,Euro 4,82,4350,No,2010,200,2.3,,1816
2019,BMW,G29,Z4,sDrive20i,2,4cyl,Turbo,6,Manual,2,2,Convertible,2,Petrol 98RON,165,212,138,7.2,9.3,6,,,Euro 6,90,3375,Yes,0,209,2.31,,1895
2010,Citroen,,C4,,1.6,4cyl,Normal,4,Auto,4,5,Sedan,2,Petrol 98RON,165,235,128,7,9.9,5.4,,,Euro 4,83,4500,No,2012,203,2.31,,1842
2008,Citroen,,C4,,1.6,4cyl,Normal,4,Auto,4,5,Sedan,2,Petrol 98RON,165,235,128,7,9.9,5.4,,,Euro 4,83,4500,No,2010,203,2.31,,1842
2021,BMW,X3 Series - G01,X3,sDrive20i,2,4cyl,Turbo,8,Auto,4,5,Wagon,2,Petrol 98RON,166,189,153,7.3,8.3,6.7,,,Euro 6,81,3750,Yes,0,212,2.32,,1921
2015,Audi,,TTS Roadster,2.0 TFSI S-Tronic 20 Inch Wheel,2,4cyl,Turbo,6,Auto,2,2,Convertible,4,Petrol 98RON,166,199,147,7.1,8.6,6.3,,,Euro 6,86,3800,Yes,0,206,2.32,,1869
2020,Volkswagen,MY20,Golf,R,2,4cyl,Turbo,7,Auto,4,5,Hatch,4,Petrol 98RON,166,204,144,7.2,8.9,6.2,,,Euro 6,78,3750,No,2021,209,2.32,,1895
2020,Volkswagen,MY20,Golf,R Final Edition,2,4cyl,Turbo,7,Auto,4,5,Hatch,4,Petrol 98RON,166,204,144,7.2,8.9,6.2,,,Euro 6,78,3750,No,2021,209,2.32,,1895
2018,Volkswagen,MY19,Golf,R,2,4cyl,Turbo,7,Auto,4,5,Hatch,4,Petrol 98RON,166,204,144,7.2,8.9,6.2,,,Euro 6,78,3750,No,2020,209,2.32,,1895
2018,Volkswagen,MY19,Golf,R Special Edition,2,4cyl,Turbo,7,Auto,4,5,Hatch,4,Petrol 98RON,166,204,144,7.2,8.9,6.2,,,Euro 6,78,3750,No,2020,209,2.32,,1895
2018,Volkswagen,MY18,Golf,R Wolfsburg Edition,2,4cyl,Turbo,7,Auto,4,5,Hatch,4,Petrol 98RON,166,204,144,7.2,8.9,6.2,,,Euro 6,78,3750,No,2019,209,2.32,,1895
2018,Volkswagen,MY18,Golf,R Grid Edition,2,4cyl,Turbo,7,Auto,4,5,Hatch,4,Petrol 98RON,166,204,144,7.2,8.9,6.2,,,Euro 6,78,3750,No,2019,209,2.32,,1895
2018,Volkswagen,MY18,Golf,R,2,4cyl,Turbo,7,Auto,4,5,Hatch,4,Petrol 98RON,166,204,144,7.2,8.9,6.2,,,Euro 6,78,3750,No,2019,209,2.32,,1895
2017,Volkswagen,MY17,Golf,R,2,4cyl,Turbo,7,Auto,4,5,Hatch,4,Petrol 98RON,166,204,144,7.2,8.9,6.2,,,Euro 6,78,3750,No,2018,209,2.32,,1895
2016,Skoda,MY17,Superb,Style 206TSI 4x4 DSG,2,4cyl,Turbo,6,Auto,4,5,Sedan,4,Petrol 98RON,166,207,143,7.3,9.1,6.3,,,Euro 6,77,3750,No,2020,212,2.32,,1921
2016,Volkswagen,MY17,Passat,206TSI R-Line,2,4cyl,Turbo,6,Auto,4,5,Sedan,4,Petrol 98RON,166,207,143,7.3,9.1,6.3,,,Euro 5,76,3750,No,2019,212,2.32,,1921
2015,Volkswagen,,Golf,R Wolfsburg Edition,2,4cyl,Turbo,6,Auto,4,5,Wagon,4,Petrol 98RON,167,205,145,7.2,8.9,6.2,,,Euro 5,77,3750,No,2017,209,2.34,,1895
2016,Skoda,MY17,Superb,Style 206TSI 4x4 DSG,2,4cyl,Turbo,6,Auto,4,5,Wagon,4,Petrol 98RON,167,207,144,7.3,9.1,6.3,,,Euro 6,77,3750,No,2020,212,2.34,,1921
2020,Volkswagen,MY20,Golf,R,2,4cyl,Turbo,7,Auto,4,5,Wagon,4,Petrol 98RON,167,207,144,7.3,9,6.3,,,Euro 6,89,3750,No,2021,212,2.34,,1921
2018,Volkswagen,MY19,Golf,R,2,4cyl,Turbo,7,Auto,4,5,Wagon,4,Petrol 98RON,167,207,144,7.3,9,6.3,,,Euro 6,89,3750,No,2020,212,2.34,,1921
2018,Volkswagen,MY18,Golf,R Wolfsburg Edition,2,4cyl,Turbo,7,Auto,4,5,Wagon,4,Petrol 98RON,167,207,144,7.3,9,6.3,,,Euro 6,89,3750,No,2019,212,2.34,,1921
2018,Volkswagen,MY18,Golf,R Grid Edition,2,4cyl,Turbo,7,Auto,4,5,Wagon,4,Petrol 98RON,167,207,144,7.3,9,6.3,,,Euro 6,89,3750,No,2019,212,2.34,,1921
2018,Volkswagen,MY18,Golf,R,2,4cyl,Turbo,7,Auto,4,5,Wagon,4,Petrol 98RON,167,207,144,7.3,9,6.3,,,Euro 6,89,3750,No,2019,212,2.34,,1921
2010,Audi,,A5 Coupe,2.0T Multitronic,2,2cyl,Turbo,1,CVT,2,4,Coupe,2,Petrol 98RON,167,221,134,7.1,9.4,5.7,,,Euro 5,71,3750,No,2012,206,2.34,,1869
2009,Audi,,A5 Coupe,2.0T Multitronic,2,2cyl,Turbo,1,CVT,2,4,Coupe,2,Petrol 98RON,167,221,134,7.1,9.4,5.7,,,Euro 4,71,3750,No,2011,206,2.34,,1869
2017,MINI,F60,John Cooper Works ALL4,Countryman,1.6,4cyl,Turbo,8,Auto,4,5,Wagon,4,Petrol 98RON,168,203,148,7.4,8.9,6.5,,,Euro 6,80,3750,No,2017,215,2.35,,1948
2017,MINI,F60,John Cooper Works ALL4,Countryman,2,4cyl,Turbo,8,Auto,4,5,Wagon,4,Petrol 98RON,168,203,148,7.4,8.9,6.5,,,Euro 6,80,3750,No,2019,215,2.35,,1948
2019,Mercedes-Benz,177,A Class,A35 AMG 4MATIC,2,4cyl,Turbo,7,Auto,4,5,Sedan,4,Petrol 98RON,168,209,143,7.4,9.3,6.3,,,Euro 6,77,3750,No,2021,215,2.35,,1948
2019,Mercedes-Benz,177,A Class,A35 AMG 4MATIC,2,4cyl,Turbo,7,Auto,4,5,Sedan,4,Petrol 98RON,168,209,143,7.4,9.3,6.3,,,Euro 6,77,3750,Yes,0,215,2.35,,1948
2018,BMW,F39,X2,M35i,2,4cyl,Turbo,8,Auto,4,5,Wagon,4,Petrol 98RON,168,209,144,7.4,9.2,6.3,,,Euro 6,98,3750,Yes,0,215,2.35,,1948
2022,Volkswagen,MY23,Golf,R 235TSI,2,4cyl,Turbo,7,Auto,4,5,Wagon,4,Petrol 98RON,168,211,143,7.4,9.2,6.2,,,Euro 6,86,3750,No,2023,215,2.35,,1948
2019,BMW,G30,5 Series,540i,3,6cyl,Turbo,8,Auto,4,5,Sedan,2,Petrol 98RON,168,213,142,7.3,9.3,6.2,,,Euro 6,84,3750,Yes,0,212,2.35,,1921
2015,Mercedes-Benz,,CLA Class,CLA45 AMG 4MATIC SB,2,4cyl,Turbo,7,Auto,4,5,Wagon,4,Petrol 98RON,168,215,142,7.2,9.2,6,,,Euro 6,103,3750,No,2015,209,2.35,,1895
2010,Peugeot,,RCZ,,1.6,4cyl,Turbo,6,Auto,2,4,Sedan,2,Petrol 98RON,168,240,128,7.3,10.3,5.5,,,Euro 5,76,3750,No,2019,212,2.35,,1921
2006,Volkswagen,,Polo,Match 5dr,1.6,4cyl,Normal,5,Manual,4,4,Hatch,2,Petrol 98RON,169,,,7.1,,,,,Euro 4,80,4200,No,2010,206,2.37,,1869
2019,BMW,G02,X4,xDrive30i,3,6cyl,Turbo,8,Auto,4,5,Wagon,4,Petrol 98RON,169,196,154,7.4,8.6,6.7,,,Euro 6,81,3750,Yes,0,215,2.37,,1948
2016,Skoda,MY16,Superb,Style 206TSI 4x4 DSG,2,4cyl,Turbo,6,Auto,4,5,Wagon,4,Petrol 98RON,169,209,146,7.2,8.9,6.2,,,Euro 6,77,3750,No,2017,209,2.37,,1895
2016,Skoda,MY16,Superb,Style 206TSI 4x4 DSG,2,4cyl,Turbo,6,Auto,4,5,Sedan,4,Petrol 98RON,169,209,146,7.2,8.9,6.2,,,Euro 6,77,3750,No,2017,209,2.37,,1895
2019,Mercedes-Benz,118,CLA Class,CLA35 AMG 4MATIC,2,4cyl,Turbo,7,Auto,4,5,Coupe,4,Petrol 98RON,169,210,144,7.5,9.3,6.3,,,Euro 6,77,3750,Yes,0,218,2.37,,1974
2019,Mercedes-Benz,118,CLA Class,CLA35 AMG 4MATIC,2,4cyl,Turbo,7,Auto,4,5,Coupe,4,Petrol 98RON,169,210,144,7.5,9.3,6.3,,,Euro 6,77,3750,No,2021,218,2.37,,1974
2016,Porsche,982,718 Boxster S,,2.5,4cyl,Turbo,7,Auto,2,2,Convertible,2,Petrol 98RON,169,218,139,7.4,9.6,6.1,,,Euro 6,97,3750,No,2020,215,2.37,,1948
2016,Porsche,982,718 Cayman S,,2.5,4cyl,Turbo,7,Auto,2,2,Convertible,2,Petrol 98RON,169,218,139,7.4,9.6,6.1,,,Euro 6,97,3750,No,2018,215,2.37,,1948
2016,Porsche,982,718 Cayman S,,2.5,4cyl,Turbo,7,Auto,2,2,Coupe,2,Petrol 98RON,169,218,139,7.4,9.6,6.1,,,Euro 6,97,3750,No,2020,215,2.37,,1948
2016,Porsche,718,982,Boxster S,2.5,4cyl,Turbo,7,Auto,2,2,Convertible,2,Petrol 98RON,169,218,139,7.4,9.6,6.1,,,Euro 6,97,3750,No,2021,215,2.37,,1948
2016,Porsche,718,982,Cayman S,2.5,4cyl,Turbo,7,Auto,2,2,Coupe,2,Petrol 98RON,169,218,139,7.4,9.6,6.1,,,Euro 6,97,3750,No,2021,215,2.37,,1948
2019,BMW,G29,Z4,M40i,3,6cyl,Turbo,8,Auto,2,2,Convertible,2,Petrol 98RON,169,218,141,7.4,9.5,6.2,,,Euro 6,91,3750,Yes,0,215,2.37,,1948
2016,Porsche,991 II,911,Carrera,3,6cyl,Turbo,7,Auto,2,4,Coupe,2,Petrol 98RON,169,224,137,7.4,9.9,6,,,Euro 6,95,3750,No,2019,215,2.37,,1948
2009,Audi,,A5 Coupe,2.0T FSI quattro Manual,2,4cyl,Turbo,6,Manual,2,4,Coupe,4,Petrol 98RON,169,226,135,7.3,9.7,5.8,,,Euro 4,71,3750,No,2012,212,2.37,,1921
2018,Volkswagen,MY19,Passat,206TSI ProLine,2,4cyl,Turbo,6,Auto,4,5,Wagon,4,Petrol 98RON,170,210,147,7.4,9.2,6.4,,,Euro 5,76,3750,No,2020,215,2.38,,1948
2018,Volkswagen,MY19,Passat,206TSI R-Line,2,4cyl,Turbo,6,Auto,4,5,Wagon,4,Petrol 98RON,170,210,147,7.4,9.2,6.4,,,Euro 5,76,3750,No,2020,215,2.38,,1948
2016,Volkswagen,MY17,Passat,206TSI R-Line,2,4cyl,Turbo,6,Auto,4,5,Wagon,4,Petrol 98RON,170,210,147,7.4,9.2,6.4,,,Euro 5,76,3750,No,2019,215,2.38,,1948
2018,Volkswagen,MY19,Arteon,206TSI R-Line,2,4cyl,Turbo,7,Auto,4,5,Coupe,4,Petrol 98RON,170,215,145,7.5,9.4,6.3,,,Euro 6,76,3750,No,2020,218,2.38,,1974
2017,Volkswagen,MY18,Arteon,206TSI R-Line,2,4cyl,Turbo,7,Auto,4,5,Coupe,4,Petrol 98RON,170,215,145,7.5,9.4,6.3,,,Euro 6,76,3750,No,2019,218,2.38,,1974
2026,Mercedes-Benz,X254,C-Class,GLC 200 AVANTGARDE 4MATIC SUV,2,4cyl,Normal,9,Auto,4,5,SUV,4,Petrol 98RON,170,222,140,7.5,9.8,6.2,,,Euro 6,75,3325,Yes,0,218,2.38,,1974
2015,Volkswagen,,Golf,R,2,4cyl,Turbo,6,Manual,4,5,Hatch,4,Petrol 98RON,170,223,143,7.3,9.6,6.1,,,Euro 6,88,3750,No,2017,212,2.38,,1921
2015,Volkswagen,,Golf,R,2,4cyl,Turbo,6,Manual,4,5,Hatch,4,Petrol 98RON,170,223,143,7.3,9.6,6.1,,,Euro 6,88,3750,No,2015,212,2.38,,1921
2014,Volkswagen,,Golf,R,2,4cyl,Turbo,6,Manual,4,5,Hatch,4,Petrol 98RON,170,223,143,7.3,9.6,6.1,,,Euro 6,88,3750,No,2014,212,2.38,,1921
2016,Porsche,982,718 Cayman,,2,4cyl,Turbo,6,Manual,2,2,Coupe,2,Petrol 98RON,170,227,139,7.5,10,6.1,,,Euro 6,97,3750,No,2020,218,2.38,,1974
2016,Porsche,982,718 Cayman,,2,4cyl,Turbo,6,Manual,2,2,Convertible,2,Petrol 98RON,170,227,139,7.5,10,6.1,,,Euro 6,97,3750,No,2018,218,2.38,,1974
2016,Porsche,718,982,Cayman,2,4cyl,Turbo,6,Manual,2,2,Coupe,2,Petrol 98RON,170,227,139,7.5,10,6.1,,,Euro 6,97,3750,No,2021,218,2.38,,1974
2026,Toyota,,C-HR,,1.8,4cyl,Normal,1,CVT,4,5,Hatch,2,Petrol 91RON,89,85,95,4,3.8,4.2,,,Euro 5,67,2500,Yes,0,116,1.25,,918
2022,Toyota,,Corolla Cross,2.0L Hybrid 2WD,2,4cyl,Normal,1,CVT,4,5,Hatch,2,Petrol 91RON,97,93,102,4.3,4.1,4.5,,,Euro 5,72,2500,No,2023,125,1.36,,987
2022,Toyota,,Corolla Cross,2.0L Hybrid AWD,2,4cyl,Normal,1,CVT,4,5,Hatch,4,Petrol 91RON,101,97,105,4.4,4.3,4.6,,,Euro 5,70,2500,No,2024,128,1.41,,1010
2017,Suzuki,AZ,Swift,GL,1.2,4cyl,Normal,5,Manual,4,5,Hatch,2,Petrol 91RON,106,134,90,4.6,5.8,3.9,,,Euro 5,74,3750,No,2025,133,1.48,,1056
2017,Suzuki,,Ignis,GL,1.2,4cyl,Normal,5,Manual,4,5,Hatch,2,Petrol 91RON,107,130,94,4.7,5.6,4.1,,,Euro 5,77,3750,Yes,0,136,1.5,,1079
2015,Suzuki,,Celerio,,1,3cyl,Normal,5,Manual,4,4,Hatch,2,Petrol 91RON,108,133,94,4.7,5.8,4.1,,,Euro 5,76,3750,No,2020,136,1.51,,1079
2014,Mitsubishi,A0,Mirage,ES,1.2,3cyl,Normal,1,CVT,4,5,Hatch,2,Petrol 91RON,109,130,97,4.6,5.5,4.1,,,Euro 4,82,3750,No,2016,133,1.53,,1056
2019,Mitsubishi,19MY,Mirage,BLACK EDITION,1.2,3cyl,Normal,1,CVT,4,5,Hatch,2,Petrol 91RON,109,131,96,4.7,5.7,4.1,,,Euro 5,82,3750,No,2019,136,1.53,,1079
2019,Mitsubishi,20MY,Mirage,ES,1.2,3cyl,Normal,1,CVT,4,5,Hatch,2,Petrol 91RON,109,131,96,4.7,5.7,4.1,,,Euro 5,82,3750,No,2022,136,1.53,,1079
2018,Mitsubishi,19MY,Mirage,ES,1.2,3cyl,Normal,1,CVT,4,5,Hatch,2,Petrol 91RON,109,131,96,4.7,5.7,4.1,,,Euro 5,82,3750,No,2019,136,1.53,,1079
2017,Mitsubishi,18MY,Mirage,ES,1.2,3cyl,Normal,1,CVT,4,5,Hatch,2,Petrol 91RON,109,131,96,4.7,5.7,4.1,,,Euro 5,82,3750,No,2018,136,1.53,,1079
2016,Mitsubishi,17MY,Mirage,ES,1.2,3cyl,Normal,1,CVT,4,5,Hatch,2,Petrol 91RON,109,131,96,4.7,5.7,4.1,,,Euro 5,82,3750,No,2018,136,1.53,,1079
2019,Mitsubishi,20MY,Mirage,ES,1.2,3cyl,Normal,5,Manual,4,5,Hatch,2,Petrol 91RON,109,134,95,4.7,5.8,4.1,,,Euro 5,84,3750,No,2022,136,1.53,,1079
2018,Mitsubishi,19MY,Mirage,ES,1.2,3cyl,Normal,5,Manual,4,5,Hatch,2,Petrol 91RON,109,134,95,4.7,5.8,4.1,,,Euro 5,84,3750,No,2019,136,1.53,,1079
2016,Mitsubishi,18MY,Mirage,ES,1.2,3cyl,Normal,5,Manual,4,5,Hatch,2,Petrol 91RON,109,134,95,4.7,5.8,4.1,,,Euro 5,84,3750,No,2018,136,1.53,,1079
2014,Mitsubishi,A0,Mirage,ES,1.2,3cyl,Normal,5,Manual,4,5,Hatch,2,Petrol 91RON,109,135,94,4.6,5.7,3.9,,,Euro 4,82,3750,No,2016,133,1.53,,1056
2017,Suzuki,AZ,Swift,GL,1.2,4cyl,Normal,1,CVT,4,5,Hatch,2,Petrol 91RON,110,135,96,4.8,5.8,4.2,,,Euro 5,74,3750,No,2025,139,1.54,,1102
2018,Kia,2019,Picanto,GT,1,3cyl,Turbo,5,Manual,4,5,Hatch,2,Petrol 91RON,110,140,92,4.8,6.2,4,,,Euro 5,72,3375,No,2020,139,1.54,,1102
2015,Suzuki,,Celerio,,1,3cyl,Normal,5,CVT,4,4,Hatch,2,Petrol 91RON,112,135,98,4.8,5.9,4.2,,,Euro 5,76,3750,No,2020,139,1.57,,1102
2014,Mitsubishi,A0,Mirage,LS,1.2,3cyl,Normal,5,Manual,4,5,Hatch,2,Petrol 91RON,113,139,98,4.8,5.9,4.1,,,Euro 4,82,3750,No,2016,139,1.58,,1102
2017,Suzuki,,Ignis,GL,1.2,4cyl,Normal,1,CVT,4,5,Hatch,2,Petrol 91RON,114,133,103,4.9,5.7,4.4,,,Euro 5,77,3750,Yes,0,142,1.6,,1125
2017,Suzuki,,Ignis,GLX,1.2,4cyl,Normal,1,CVT,4,4,Hatch,2,Petrol 91RON,114,133,103,4.9,5.7,4.4,,,Euro 5,77,3750,Yes,0,142,1.6,,1125
2014,Audi,,A3 Cabriolet,1.4 TFSI CoD S tronic,1.4,4cyl,Turbo,7,Auto,2,4,Convertible,2,Petrol 91RON,114,139,99,4.9,6,4.3,,,Euro 6,74,3750,No,2014,142,1.6,,1125
2014,Audi,110kW,A3 Cabriolet,1.4 TFSI CoD S tronic,1.4,4cyl,Turbo,7,Auto,2,4,Convertible,2,Petrol 91RON,114,139,99,4.9,6,4.3,,,Euro 6,74,3750,No,2016,142,1.6,,1125
2014,Mazda,,2,"Maxx, Genki",1.5,4cyl,Normal,6,Auto,4,5,Hatch,2,Petrol 91RON,114,142,97,4.9,6.1,4.2,,,Euro 5,75,3750,Yes,0,142,1.6,,1125
2020,Toyota,,Yaris,,1.5,3cyl,Normal,1,CVT,4,5,Hatch,2,Petrol 91RON,114,142,97,4.9,6.1,4.2,,,Euro 5,78,3750,Yes,0,142,1.6,,1125
2014,Mitsubishi,A0,Mirage,LS,1.2,3cyl,Normal,1,CVT,4,5,Hatch,2,Petrol 91RON,115,132,105,4.9,5.6,4.4,,,Euro 4,82,3750,No,2016,142,1.61,,1125
2019,Mitsubishi,20MY,Mirage,BLACK EDITION,1.2,3cyl,Normal,1,CVT,4,5,Hatch,2,Petrol 91RON,115,135,104,5,5.8,4.5,,,Euro 5,82,3750,No,2022,145,1.61,,1148
2019,Mitsubishi,20MY,Mirage,LS,1.2,3cyl,Normal,1,CVT,4,5,Hatch,2,Petrol 91RON,115,135,104,5,5.8,4.5,,,Euro 5,82,3750,No,2022,145,1.61,,1148
2018,Mitsubishi,19MY,Mirage,LS,1.2,3cyl,Normal,1,CVT,4,5,Hatch,2,Petrol 91RON,115,135,104,5,5.8,4.5,,,Euro 5,82,3750,No,2019,145,1.61,,1148
2016,Mitsubishi,17MY,Mirage,LS,1.2,3cyl,Normal,1,CVT,4,5,Hatch,2,Petrol 91RON,115,135,104,5,5.8,4.5,,,Euro 5,82,3750,No,2018,145,1.61,,1148
2016,Mitsubishi,18MY,Mirage,LS,1.2,3cyl,Normal,1,CVT,4,5,Hatch,2,Petrol 91RON,115,135,104,5,5.8,4.5,,,Euro 5,82,3750,No,2018,145,1.61,,1148
2013,Ford,WZ,Fiesta,Sport,1,3cyl,Turbo,5,Manual,4,5,Sedan,2,Petrol 91RON,115,147,96,4.9,6.3,4.1,,,Euro 5,73,3750,Yes,0,142,1.61,,1125
2025,Kia,,Stonic,S 1.0T 48V Mild-Hybrid,1,3cyl,Turbo,7,Auto,4,5,Wagon,2,Petrol 91RON,116,135,105,5,5.8,4.5,,,Euro 5,81,4500,Yes,0,145,1.62,,1148
2025,Kia,,Stonic,Sport 1.0T 48V Mild-Hybrid,1,3cyl,Turbo,7,Auto,4,5,Wagon,2,Petrol 91RON,116,135,105,5,5.8,4.5,,,Euro 5,81,4500,Yes,0,145,1.62,,1148
2025,Kia,,Stonic,GT-Line 1.0T 48V Mild-Hybrid,1,3cyl,Turbo,7,Auto,4,5,Wagon,2,Petrol 91RON,116,135,105,5,5.8,4.5,,,Euro 5,81,4500,Yes,0,145,1.62,,1148
2015,Mitsubishi,A0,Mirage,ES,1.2,3cyl,Normal,1,CVT,4,5,Sedan,2,Petrol 91RON,116,138,103,4.9,5.9,4.3,,,Euro 4,78,3750,No,2017,142,1.62,,1125
2015,Mitsubishi,A0,Mirage,LS,1.2,3cyl,Normal,1,CVT,4,5,Sedan,2,Petrol 91RON,116,138,103,4.9,5.9,4.3,,,Euro 4,78,3750,No,2017,142,1.62,,1125
2015,Mitsubishi,A0,Mirage,ES,1.2,3cyl,Normal,5,Manual,4,5,Sedan,2,Petrol 91RON,116,139,102,4.9,5.9,4.3,,,Euro 4,78,3750,No,2017,142,1.62,,1125
2020,Kia,2021,Picanto,S,1.2,4cyl,Normal,5,Manual,4,5,Hatch,2,Petrol 91RON,117,147,99,5,6.3,4.2,,,Euro 5,76,3750,Yes,0,145,1.64,,1148
2020,Kia,2021,Picanto,GT-Line,1.2,4cyl,Normal,5,Manual,4,5,Hatch,2,Petrol 91RON,117,147,99,5,6.3,4.2,,,Euro 5,76,3750,Yes,0,145,1.64,,1148
2019,Kia,2019,Picanto,GT-Line,1.3,4cyl,Normal,5,Manual,4,5,Hatch,2,Petrol 91RON,117,147,99,5,6.3,4.2,,,Euro 5,76,3750,No,2020,145,1.64,,1148
2018,Kia,2019,Picanto,X-Line,1.2,4cyl,Normal,5,Manual,4,5,Hatch,2,Petrol 91RON,117,147,99,5,6.3,4.2,,,Euro 5,76,3750,No,2020,145,1.64,,1148
2017,Kia,,Picanto,S,1.3,4cyl,Normal,5,Manual,4,5,Hatch,2,Petrol 91RON,117,147,99,5,6.3,4.2,,,Euro 5,76,3750,No,2020,145,1.64,,1148
2003,Daihatsu,,Charade,,1,3cyl,Normal,5,Manual,2,4,Hatch,2,Petrol 91RON,118,,,5,,,,,Euro 2,,,No,2006,145,1.65,,1148
2013,Audi,,A1 Sportback,1.2 TFSI Attraction,1.2,4cyl,Turbo,5,Manual,2,4,Hatch,2,Petrol 91RON,118,143,103,5.1,6.2,4.4,,,Euro 5,78,3600,No,2015,148,1.65,,1171
2012,Audi,,A1,1.2 TFSI Attraction,1.2,4cyl,Turbo,5,Manual,2,4,Hatch,2,Petrol 91RON,118,143,103,5.1,6.2,4.4,,,Euro 5,78,3600,No,2014,148,1.65,,1171
2016,Suzuki,,Baleno,GL,1.4,4cyl,Normal,5,Manual,4,5,Hatch,2,Petrol 91RON,118,145,102,5.1,6.3,4.4,,,Euro 5,77,3750,No,2025,148,1.65,,1171
2014,Mazda,,2,"Maxx, Genki",1.5,4cyl,Normal,6,Manual,4,5,Hatch,2,Petrol 91RON,121,153,102,5.2,6.6,4.4,,,Euro 5,75,3750,Yes,0,151,1.69,,1194
2013,Ford,WZ,Fiesta,Sport,1,3cyl,Turbo,6,Auto,4,5,Sedan,2,Petrol 91RON,121,164,97,5.3,7.1,4.2,,,Euro 5,73,3750,No,2016,154,1.69,,1217
2010,Audi,,A1,1.4TFSI,1.4,4cyl,Turbo,7,Auto,2,4,Hatch,2,Petrol 91RON,122,150,106,5.3,6.5,4.6,,,Euro 4,77,3750,No,2011,154,1.71,,1217
2016,Holden,MP,SPARK,MT,1.4,4cyl,Normal,5,Manual,4,5,Hatch,2,Petrol 91RON,122,154,101,5.2,6.7,4.3,,,Euro 6,76,3750,No,2018,151,1.71,,1194
2017,Holden,MP,SPARK,MT,1.4,4cyl,Normal,5,Manual,4,5,Hatch,2,Petrol 91RON,122,154,101,5.3,6.8,4.4,,,Euro 6,76,3750,No,2020,154,1.71,,1217
2020,Kia,2021,Picanto,GT,1,3cyl,Turbo,5,Manual,4,5,Hatch,2,Petrol 91RON,122,157,102,5.2,6.8,4.4,,,Euro 5,72,3375,Yes,0,151,1.71,,1194
2020,Kia,2021,Rio,GT-Line,1,3cyl,Turbo,7,Other,4,5,Hatch,2,Petrol 91RON,124,145,111,5.3,6.3,4.8,,,Euro 5,74,4500,Yes,0,154,1.74,,1217
2020,Toyota,,Yaris Cross,,1.5,3cyl,Normal,1,CVT,4,5,Hatch,2,Petrol 91RON,124,150,109,5.4,6.6,4.8,,,Euro 5,76,3750,Yes,0,157,1.74,,1240
2010,Audi,,A1,1.4TFSI,1.4,4cyl,Turbo,6,Manual,2,4,Hatch,2,Petrol 91RON,124,158,104,5.3,6.8,4.4,,,Euro 4,77,3750,No,2011,154,1.74,,1217
2026,Honda,,CR-V,e:HEV X,2,4cyl,Normal,1,Auto,4,5,SUV,2,Petrol 91RON,125,112,133,5.5,4.9,5.8,,,Euro 5,55,3750,Yes,0,160,1.75,NEDC,1263
2026,Honda,,CR-V,e:HEV L,2,4cyl,Normal,1,Auto,4,5,SUV,2,Petrol 91RON,125,112,133,5.5,4.9,5.8,,,Euro 5,55,3750,Yes,0,160,1.75,NEDC,1263
2023,Honda,,CR-V,e:HEV RS,2,4cyl,Normal,1,Auto,4,5,SUV,2,Petrol 91RON,125,112,133,5.5,4.9,5.8,,,Euro 5,71,3750,No,2026,160,1.75,,1263
2018,Kia,2019,Rio,GT-Line,1,3cyl,Turbo,7,Other,4,5,Hatch,2,Petrol 91RON,125,141,116,5.4,6.2,5,,,Euro 5,75,4500,No,2020,157,1.75,,1240
2024,Hyundai,2025,i30,1.5 T-GDI,1.5,4cyl,Turbo,6,Manual,4,5,Hatch,2,Petrol 91RON,125,143,115,5.5,6.4,5.1,,,Euro 6,77,3750,Yes,0,160,1.75,,1263
2020,Kia,2021,Stonic,GT-Line,1,3cyl,Turbo,7,Other,4,5,Hatch,2,Petrol 91RON,125,147,112,5.4,6.4,4.9,,,Euro 5,74,4500,Yes,0,157,1.75,,1240
2012,Holden,MJ,Barina Spark,CD,1.2,4cyl,Normal,5,Manual,4,5,Hatch,2,Petrol 91RON,125,156,106,5.2,6.5,4.4,,,Euro 5,77,3750,No,2016,151,1.75,,1194
2016,Kia,,Picanto,Si,1.3,4cyl,Normal,4,Auto,4,5,Hatch,2,Petrol 91RON,125,157,106,5.3,6.7,4.5,,,Euro 5,82,3750,No,2017,154,1.75,,1217
2023,Kia,,Picanto,GT-Line MT,1.2,4cyl,Normal,5,Manual,4,5,Hatch,2,Petrol 91RON,125,157,107,5.4,6.8,4.6,,,Euro 5,76,3750,Yes,0,157,1.75,,1240
2023,Kia,,Picanto,Sport MT,1.2,4cyl,Normal,5,Manual,4,5,Hatch,2,Petrol 91RON,125,157,107,5.4,6.8,4.6,,,Euro 5,76,3750,Yes,0,157,1.75,,1240
2011,Kia,2012,Rio,1.6 + ISG,1.6,4cyl,Normal,6,Manual,4,5,Hatch,2,Petrol 91RON,125,169,100,5.3,7.1,4.2,,,Euro 4,85,4725,No,2013,154,1.75,,1217
2024,Hyundai,2025,i30,1.5 T-GDI,1.5,4cyl,Turbo,7,Auto,4,5,Hatch,2,Petrol 91RON,126,150,113,5.6,6.6,5,,,Euro 6,76,3750,Yes,0,162,1.76,,1286
2019,Suzuki,,Baleno,GL / GLX,1.4,4cyl,Normal,4,Auto,4,5,Hatch,2,Petrol 91RON,126,156,109,5.4,6.7,4.7,,,Euro 5,73,3750,No,2025,157,1.76,,1240
2016,Suzuki,,Baleno,GL,1.4,4cyl,Normal,4,Auto,4,5,Hatch,2,Petrol 91RON,126,156,109,5.4,6.7,4.7,,,Euro 5,73,3750,No,2020,157,1.76,,1240
2020,Toyota,,Yaris,,1.5,3cyl,Normal,6,Manual,4,5,Hatch,2,Petrol 91RON,126,162,105,5.4,7,4.5,,,Euro 5,77,3750,Yes,0,157,1.76,,1240
2014,Mazda,,2,Neo,1.5,4cyl,Normal,6,Manual,4,5,Hatch,2,Petrol 91RON,126,167,102,5.4,7.2,4.4,,,Euro 5,75,3750,Yes,0,157,1.76,,1240
2012,Hyundai,,i20,1.4,1.4,4cyl,Normal,6,Manual,2,5,Hatch,2,Petrol 91RON,126,169,101,5.3,7.1,4.2,,,Euro 4,80,3750,No,2015,154,1.76,,1217
2011,Kia,2012,Rio,1.4 + ISG,1.4,4cyl,Normal,6,Manual,4,5,Hatch,2,Petrol 91RON,126,169,102,5.3,7.1,4.3,,,Euro 4,86,4725,No,2013,154,1.76,,1217
2016,Ford,WZ,Fiesta,Sport,1,3cyl,Turbo,6,Auto,4,5,Sedan,2,Petrol 91RON,126,170,100,5.4,7.3,4.3,,,Euro 5,73,3750,Yes,0,157,1.76,,1240
2003,Daihatsu,,Sirion,,1,3cyl,Normal,5,Manual,4,5,Hatch,2,Petrol 91RON,127,,,5.4,,,,,Euro 2,,,No,2005,157,1.78,,1240
2011,Holden,MJ,Barina Spark,CDX,1.2,4cyl,Normal,5,Manual,4,5,Hatch,2,Petrol 91RON,127,165,105,5.5,7.2,4.5,,,Euro 5,77,3750,No,2013,160,1.78,,1263
2011,Holden,MJ,Barina Spark,CD,1.2,4cyl,Normal,5,Manual,4,5,Hatch,2,Petrol 91RON,128,164,106,5.5,7.1,4.6,,,Euro 5,77,3750,No,2013,160,1.79,,1263
2011,Holden,MJ,Barina Spark,CD,1.2,4cyl,Normal,5,Manual,4,5,Hatch,2,Petrol 91RON,128,164,107,5.6,7.2,4.7,,,Euro 5,77,3750,No,2011,162,1.79,,1286
2011,Holden,MJ,Barina Spark,CDX,1.2,4cyl,Normal,5,Manual,4,5,Hatch,2,Petrol 91RON,128,165,107,5.6,7.2,4.6,,,Euro 5,77,3750,No,2011,162,1.79,,1286
2016,Holden,MP,SPARK,CVT LT,1.4,4cyl,Normal,1,CVT,4,5,Hatch,2,Petrol 91RON,128,166,107,5.5,7.2,4.6,,,Euro 6,76,3750,No,2020,160,1.79,,1263
2016,Holden,MP,SPARK,CVT LS,1.4,4cyl,Normal,1,CVT,4,5,Hatch,2,Petrol 91RON,128,166,107,5.5,7.2,4.6,,,Euro 6,76,3750,No,2020,160,1.79,,1263
2014,Mazda,,2,Neo,1.5,4cyl,Normal,6,Auto,4,5,Hatch,2,Petrol 91RON,128,169,104,5.5,7.3,4.5,,,Euro 5,75,3750,Yes,0,160,1.79,,1263
2020,Kia,2021,Rio,S,1.4,4cyl,Normal,6,Manual,4,5,Hatch,2,Petrol 91RON,129,166,108,5.6,7.2,4.6,,,Euro 5,79,4500,Yes,0,162,1.81,,1286
2020,Kia,2021,Rio,Sport,1.4,4cyl,Normal,6,Manual,4,5,Hatch,2,Petrol 91RON,129,166,108,5.6,7.2,4.6,,,Euro 5,79,4500,Yes,0,162,1.81,,1286
2018,Kia,2018,Rio,Sport,1.4,4cyl,Normal,6,Manual,4,5,Hatch,2,Petrol 91RON,129,166,108,5.6,7.2,4.6,,,Euro 5,79,4500,No,2020,162,1.81,,1286
2017,Kia,2017,Rio,S,1.4,4cyl,Normal,6,Manual,4,5,Hatch,2,Petrol 91RON,129,166,108,5.6,7.2,4.6,,,Euro 5,79,4500,No,2020,162,1.81,,1286
2026,Honda,,CR-V,e:HEV LX,2,4cyl,Normal,1,Auto,4,5,SUV,4,Petrol 91RON,131,122,136,5.7,5.4,6,,,Euro 5,55,3750,Yes,0,165,1.83,NEDC,1309
2026,Honda,,CR-V,e:HEV RS,2,4cyl,Normal,1,Auto,4,5,SUV,4,Petrol 91RON,131,122,136,5.7,5.4,6,,,Euro 5,55,3750,Yes,0,165,1.83,NEDC,1309
2013,Ford,BK,Ecosport,Titanium,1,3cyl,Turbo,5,Manual,4,5,Wagon,2,Petrol 91RON,131,154,117,5.7,6.7,5.1,,,Euro 5,73,3750,Yes,0,165,1.83,,1309
2013,Ford,BK,Ecosport,Trend,1,3cyl,Turbo,5,Manual,4,5,Wagon,2,Petrol 91RON,131,154,117,5.7,6.7,5.1,,,Euro 5,73,3750,Yes,0,165,1.83,,1309
2018,Lexus,,UX200,,2,4cyl,Normal,1,CVT,4,5,Hatch,2,Petrol 91RON,132,159,116,5.8,7,5.1,,,Euro 5,77,3750,Yes,0,168,1.85,,1332
2010,Mitsubishi,RG,Colt,VRX,1.5,4cyl,Normal,1,CVT,4,5,Hatch,2,Petrol 91RON,132,162,115,5.6,6.9,4.9,,,Euro 4,85,4500,No,2015,162,1.85,,1286
2011,Suzuki,GA,Swift,,1.4,4cyl,Normal,5,Manual,4,5,Hatch,2,Petrol 91RON,132,164,113,5.5,7,4.7,,,Euro 4,80,4500,No,2011,160,1.85,,1263
2011,Suzuki,GL,Swift,,1.4,4cyl,Normal,5,Manual,4,5,Hatch,2,Petrol 91RON,132,164,113,5.5,7,4.7,,,Euro 4,80,4500,No,2011,160,1.85,,1263
2011,Suzuki,GLX,Swift,,1.4,4cyl,Normal,5,Manual,4,5,Hatch,2,Petrol 91RON,132,164,113,5.5,7,4.7,,,Euro 4,80,4500,No,2011,160,1.85,,1263
2011,Suzuki,GA,Swift,,1.4,4cyl,Normal,5,Manual,4,5,Hatch,2,Petrol 91RON,132,164,113,5.5,7,4.7,,,Euro 4,80,4500,No,2016,160,1.85,,1263
2011,Suzuki,GL,Swift,,1.4,4cyl,Normal,5,Manual,4,5,Hatch,2,Petrol 91RON,132,164,113,5.5,7,4.7,,,Euro 4,80,4500,No,2020,160,1.85,,1263
2011,Suzuki,GLX,Swift,,1.4,4cyl,Normal,5,Manual,4,5,Hatch,2,Petrol 91RON,132,164,113,5.5,7,4.7,,,Euro 4,80,4500,No,2016,160,1.85,,1263
2014,Honda,,City,VTi,1.5,4cyl,Normal,5,Auto,4,5,Sedan,2,Petrol 91RON,132,169,111,5.7,7.3,4.7,,,Euro 5,73,3750,No,2017,165,1.85,,1309
2017,Honda,,City,VTi,1.5,4cyl,Normal,1,CVT,4,5,Sedan,2,Petrol 91RON,132,173,109,5.8,7.6,4.8,,,Euro 5,73,3750,Yes,0,168,1.85,,1332
2020,Kia,2021,Rio,GT-Line,1,3cyl,Turbo,7,Other,4,5,Hatch,2,Petrol 91RON,132,269,111,5.7,7.3,4.8,,,Euro 5,74,4500,Yes,0,165,1.85,,1309
2022,Honda,,HR-V,VT-LX (Petrol),1.5,4cyl,Normal,1,CVT,4,4,Wagon,2,Petrol 91RON,133,155,120,5.8,6.8,5.3,,,Euro 5,73,3750,No,2024,168,1.86,,1332
2016,Holden,BK,Astra,R+,1.4,4cyl,Turbo,6,Auto,4,5,Hatch,2,Petrol 91RON,133,169,112,5.8,7.3,4.9,,,Euro 6,73,3400,No,2020,168,1.86,,1332
2016,Holden,BK,Astra,R,1.4,4cyl,Turbo,6,Auto,4,5,Hatch,2,Petrol 91RON,133,169,112,5.8,7.3,4.9,,,Euro 6,73,3400,No,2020,168,1.86,,1332
2014,Audi,,A3 Cabriolet,1.8 TFSI S tronic,1.8,4cyl,Turbo,7,Auto,2,4,Convertible,2,Petrol 91RON,133,169,112,5.8,7.3,4.8,,,Euro 6,77,3750,No,2016,168,1.86,,1332
2014,Hol,4,5,Sedan,2,Petrol 91RON,133,184,104,5.6,7.7,4.4,,,Euro 4,85,4725,No,2016,162,1.86,,1286
2012,Kia,2012,Rio,1.6,1.6,4cyl,Normal,6,Manual,4,5,Sedan,2,Petrol 91RON,133,184,104,5.6,7.7,4.4,,,Euro 4,85,4725,No,2014,162,1.86,,1286
2012,Kia,2012,Rio,1.6 3-door,1.6,4cyl,Normal,6,Manual,2,5,Hatch,2,Petrol 91RON,133,184,104,5.6,7.7,4.4,,,Euro 4,85,4725,No,2016,162,1.86,,1286
2011,Kia,2012,Rio,1.6,1.6,4cyl,Normal,6,Manual,4,5,Hatch,2,Petrol 91RON,133,184,104,5.6,7.7,4.4,,,Euro 4,85,4725,No,2014,162,1.86,,1286nda,,City,VTiL,1.5,4cyl,Normal,5,Auto,4,5,Sedan,2,Petrol 91RON,133,170,111,5.7,7.3,4.8,,,Euro 5,73,3750,No,2017,165,1.86,,1309
2017,Honda,,City,VTiL,1.5,4cyl,Normal,1,CVT,4,5,Sedan,2,Petrol 91RON,133,171,111,5.9,7.5,4.9,,,Euro 5,73,3750,Yes,0,171,1.86,,1355
2024,Renault,2024,Arkana,,1.3,4cyl,Turbo,7,Auto,4,5,Hatch,2,Petrol 91RON,133,172,111,5.9,7.6,4.9,,,Euro 5,79,3750,Yes,0,171,1.86,,1355
2013,Kia,2012,Rio,1.6,1.6,4cyl,Normal,6,Manua
2006,Mitsubishi,RG,Colt,LS,1.5,4cyl,Normal,1,CVT,4,5,Hatch,2,Petrol 91RON,134,,,5.6,,,,,Euro 3,85,4500,No,2008,162,1.88,,1286
2006,Mitsubishi,RG,Colt,XLS,1.5,4cyl,Normal,1,CVT,4,5,Hatch,2,Petrol 91RON,134,,,5.6,,,,,Euro 3,85,4500,No,2006,162,1.88,,1286
2006,Mitsubishi,RG,Colt,ES,1.5,4cyl,Normal,1,CVT,4,5,Hatch,2,Petrol 91RON,134,160,119,5.6,6.7,5,,,Euro 3,85,4500,No,2010,162,1.88,,1286
2006,Mitsubishi,RG,Colt,VRX,1.5,4cyl,Normal,1,CVT,4,5,Hatch,2,Petrol 91RON,134,160,119,5.6,6.7,5,,,Euro 3,85,4500,No,2010,162,1.88,,1286
2025,Nissan,J12,Qashqai,"Ti, Ti-L - ICE",1.3,4cyl,Turbo,1,CVT,4,5,Wagon,2,Petrol 91RON,134,164,117,5.8,7.1,5.1,,,Euro 6,74,3750,No,2025,168,1.88,,1332
2017,Ford,BL,Ecosport,Trend,1,3cyl,Turbo,6,Manual,4,5,SUV,2,Petrol 91RON,134,164,117,5.8,7.1,5.1,,,Euro 5,74,3750,Yes,0,168,1.88,,1332
2011,Toyota,,Yaris,,1.3,4cyl,Normal,5,Manual,2,5,Hatch,2,Petrol 91RON,134,165,117,5.7,7,5,,,Euro 4,81,3750,No,2015,165,1.88,,1309
2011,Toyota,,Yaris,,1.3,4cyl,Normal,5,Manual,4,5,Hatch,2,Petrol 91RON,134,165,117,5.7,7,5,,,Euro 4,81,3750,No,2016,165,1.88,,1309
2016,Toyota,,Yaris,,1.3,4cyl,Normal,5,Manual,4,5,Hatch,2,Petrol 91RON,134,165,117,5.8,7.1,5.1,,,Euro 5,81,3750,No,2024,168,1.88,,1332
2015,Ford,LZ,Focus,Trend,1.5,4cyl,Turbo,6,Manual,4,5,Hatch,2,Petrol 91RON,134,174,111,5.8,7.6,4.8,,,Euro 5,78,3750,Yes,0,168,1.88,,1332
2015,Ford,LZ,Focus,Sport,1.5,4cyl,Turbo,6,Manual,4,5,Hatch,2,Petrol 91RON,134,174,111,5.8,7.6,4.8,,,Euro 5,78,3750,Yes,0,168,1.88,,1332
2014,Mazda,,3,Sedan,2,4cyl,Normal,6,Auto,4,5,Sedan,2,Petrol 91RON,134,176,110,5.7,7.5,4.7,,,Euro 5,77,3750,No,2019,165,1.88,,1309
2020,Kia,2021,Picanto,S,1.2,4cyl,Normal,4,Auto,4,5,Hatch,2,Petrol 91RON,134,180,107,5.8,7.9,4.6,,,Euro 5,74,3750,Yes,0,168,1.88,,1332
2020,Kia,2021,Picanto,GT-Line,1.2,4cyl,Normal,4,Auto,4,5,Hatch,2,Petrol 91RON,134,180,107,5.8,7.9,4.6,,,Euro 5,74,3750,Yes,0,168,1.88,,1332
2018,Kia,2018,Picanto,GT-Line,1.2,4cyl,Normal,4,Auto,4,5,Hatch,2,Petrol 91RON,134,180,107,5.8,7.9,4.6,,,Euro 5,74,3750,No,2020,168,1.88,,1332
2018,Kia,2019,Picanto,X-Line,1.2,4cyl,Normal,4,Auto,4,5,Hatch,2,Petrol 91RON,134,180,107,5.8,7.9,4.6,,,Euro 5,74,3750,No,2020,168,1.88,,1332
2017,Kia,,Picanto,S,1.3,4cyl,Normal,4,Auto,4,5,Hatch,2,Petrol 91RON,134,180,107,5.8,7.9,4.6,,,Euro 5,74,3750,No,2020,168,1.88,,1332
2005,Honda,,Jazz,Gli,1.3,4cyl,Normal,5,Manual,4,5,Hatch,2,Petrol 91RON,135,,,5.7,,,,,Euro 3,77,4275,No,2008,165,1.89,,1309
2003,Toyota,,Echo,,1.5,4cyl,Normal,5,Manual,4,5,Sedan,2,Petrol 91RON,135,,,5.7,,,,,Euro 2,,,No,2006,165,1.89,,1309
2014,Honda,,Jazz,VTi,1.5,4cyl,Normal,1,CVT,4,5,Hatch,2,Petrol 91RON,135,167,117,5.8,7.2,5,,,Euro 5,73,3750,Yes,0,168,1.89,,1332
2014,Honda,,Jazz,VTiS,1.5,4cyl,Normal,1,CVT,4,5,Hatch,2,Petrol 91RON,135,167,117,5.8,7.2,5,,,Euro 5,73,3750,Yes,0,168,1.89,,1332
2014,Honda,,Jazz,VTiL,1.5,4cyl,Normal,1,CVT,4,5,Hatch,2,Petrol 91RON,135,167,117,5.8,7.2,5,,,Euro 5,73,3750,Yes,0,168,1.89,,1332
2016,Holden,BK,Astra,R,1.4,4cyl,Turbo,6,Manual,4,5,Hatch,2,Petrol 91RON,135,174,112,5.8,7.5,4.9,,,Euro 6,77,3750,No,2020,168,1.89,,1332
2016,Holden,BK,Astra,R+,1.4,4cyl,Turbo,6,Manual,4,5,Hatch,2,Petrol 91RON,135,174,112,5.8,7.5,4.9,,,Euro 6,77,3750,No,2020,168,1.89,,1332
2014,Honda,,City,VTi,1.5,4cyl,Normal,5,Manual,4,5,Sedan,2,Petrol 91RON,135,174,113,5.8,7.5,4.8,,,Euro 5,75,3750,No,2017,168,1.89,,1332
2017,Honda,,City,VTi,1.5,4cyl,Normal,5,Manual,4,5,Sedan,2,Petrol 91RON,135,175,112,5.9,7.7,4.9,,,Euro 5,75,3750,Yes,0,171,1.89,,1355
2012,Kia,2012,Rio,1.4 3-door,1.4,4cyl,Normal,6,Manual,2,5,Hatch,2,Petrol 91RON,135,183,107,5.7,7.7,4.5,,,Euro 4,86,4725,No,2016,165,1.89,,1309
2011,Kia,2012,Rio,1.4,1.4,4cyl,Normal,6,Manual,4,5,Hatch,2,Petrol 91RON,135,183,107,5.7,7.7,4.5,,,Euro 4,86,4725,No,2014,165,1.89,,1309
2019,Suzuki,,Vitara,,1.6,4cyl,Normal,5,Manual,4,5,SUV,2,Petrol 91RON,136,165,120,5.8,7.1,5.1,,,Euro 5,78,3750,Yes,0,168,1.9,,1332
2015,Suzuki,,Vitara,RT-S,1.6,4cyl,Normal,5,Manual,4,5,Hatch,2,Petrol 91RON,136,165,120,5.8,7.1,5.1,,,Euro 5,78,3750,No,2016,168,1.9,,1332
2022,Toyota,,Corolla Cross,2.0L Petrol,2,4cyl,Normal,1,CVT,4,5,Hatch,2,Petrol 91RON,136,169,116,6,7.4,5.1,,,Euro 5,81,3750,Yes,0,174,1.9,,1378
2016,MG,,MG3,1.5 MT,1.5,4cyl,Normal,5,Manual,4,5,Hatch,2,Petrol 91RON,136,173,114,5.8,7.5,4.9,,,Euro 5,78,3750,Yes,0,168,1.9,,1332
2015,Hyundai,2016,Accent,1.4 MPI,1.4,4cyl,Normal,6,Manual,4,5,Sedan,2,Petrol 91RON,136,176,112,5.7,7.4,4.7,,,Euro 4,83,4500,No,2016,165,1.9,,1309
2015,Hyundai,2016,Accent,1.4 MPI,1.4,4cyl,Normal,6,Manual,4,5,Hatch,2,Petrol 91RON,136,176,112,5.7,7.4,4.7,,,Euro 4,83,4500,No,2016,165,1.9,,1309
2014,Mazda,,3,Hatch,2,4cyl,Normal,6,Auto,4,5,Hatch,2,Petrol 91RON,136,176,112,5.8,7.5,4.8,,,Euro 5,77,3750,No,2019,168,1.9,,1332
2016,Hyundai,2017,Accent,1.4 MPI,1.4,4cyl,Normal,6,Manual,4,5,Sedan,2,Petrol 91RON,136,177,112,5.9,7.6,4.8,,,Euro 5,83,4500,No,2019,171,1.9,,1355
2016,Hyundai,2017,Accent,1.4 MPI,1.4,4cyl,Normal,6,Manual,4,5,Hatch,2,Petrol 91RON,136,177,112,5.9,7.6,4.8,,,Euro 5,83,4500,No,2019,171,1.9,,1355
2017,Holden,BL,Astra,LS,1.4,4cyl,Turbo,6,Manual,4,5,Sedan,2,Petrol 91RON,136,178,111,5.8,7.7,4.7,,,Euro 5,69,3240,No,2020,168,1.9,,1332
2014,Mazda,,3,Sedan,2,4cyl,Normal,6,Manual,4,5,Sedan,2,Petrol 91RON,136,178,112,5.8,7.6,4.8,,,Euro 5,77,3750,No,2019,168,1.9,,1332
2003,Hyundai,TB,Getz,XL,1.3,4cyl,Normal,5,Manual,2,5,Hatch,2,Petrol 91RON,137,,,5.7,,,,,Euro 2,,,No,2006,165,1.92,,1309
2005,Daihatsu,,Sirion,,1.3,4cyl,Normal,5,Manual,2,5,Hatch,2,Petrol 91RON,137,,,5.8,,,,,Euro 3,,,No,2006,168,1.92,,1332
2003,Honda,,Jazz,Gli,1.3,4cyl,Normal,5,Manual,4,5,Hatch,2,Petrol 91RON,137,,,5.8,,,,,Euro 2,,,No,2005,168,1.92,,1332
2021,Toyota,,RAV4,GX/GXL/CRUISER,2,4cyl,Normal,1,CVT,4,5,SUV,2,Petrol 91RON,137,162,123,6,7.1,5.4,,,Euro 5,73,3750,Yes,0,174,1.92,,1378
2014,Suzuki,,S-Cross,,1.6,4cyl,Normal,5,CVT,4,5,Hatch,2,Petrol 91RON,137,165,121,5.8,7,5.1,,,Euro 4,76,3750,No,2020,168,1.92,,1332
2014,Suzuki,,S-Cross,,1.6,4cyl,Normal,5,Manual,4,5,Hatch,2,Petrol 91RON,137,167,120,5.8,7.1,5.1,,,Euro 4,76,3750,No,2020,168,1.92,,1332
2011,Toyota,,Yaris,,1.5,4cyl,Normal,5,Manual,2,5,Hatch,2,Petrol 91RON,137,169,118,5.8,7.2,5,,,Euro 4,83,3750,No,2015,168,1.92,,1332
2011,Toyota,,Yaris,,1.5,4cyl,Normal,5,Manual,4,5,Hatch,2,Petrol 91RON,137,169,118,5.8,7.2,5,,,Euro 4,83,3750,No,2016,168,1.92,,1332
2016,Toyota,,Yaris,,1.5,4cyl,Normal,5,Manual,4,5,Hatch,2,Petrol 91RON,137,169,118,5.9,7.3,5.1,,,Euro 5,83,3750,No,2024,171,1.92,,1355
2019,Toyota,,Corolla,,2,4cyl,Normal,1,CVT,4,5,Sedan,2,Petrol 91RON,137,175,115,6,7.6,5,,,Euro 5,75,3750,No,2022,174,1.92,,1378
2017,Holden,BK,Astra,LS,1.4,4cyl,Turbo,6,Auto,4,5,Wagon,2,Petrol 91RON,137,177,114,5.9,7.7,4.9,,,Euro 6,73,3400,No,2020,171,1.92,,1355
2017,Holden,BK,Astra,LT,1.4,4cyl,Turbo,6,Auto,4,5,Wagon,2,Petrol 91RON,137,177,114,5.9,7.7,4.9,,,Euro 6,73,3400,No,2020,171,1.92,,1355
2013,Ford,WZ,Fiesta,Ambiente,1.5,4cyl,Normal,6,Auto,4,5,Sedan,2,Petrol 91RON,137,181,111,5.8,7.7,4.7,,,Euro 5,73,3750,Yes,0,168,1.92,,1332
2013,Ford,WZ,Fiesta,Trend,1.5,4cyl,Normal,6,Auto,4,5,Sedan,2,Petrol 91RON,137,181,111,5.8,7.7,4.7,,,Euro 5,73,3750,Yes,0,168,1.92,,1332
2005,Honda,,Jazz,Gli,1.3,4cyl,Normal,1,Auto,4,5,Hatch,2,Petrol 91RON,138,,,5.8,,,,,Euro 3,77,4275,No,2008,168,1.93,,1332
2004,Toyota,,Echo,2dr,1.3,4cyl,Normal,5,Manual,2,5,Hatch,2,Petrol 91RON,138,,,5.8,,,,,Euro 2,,,No,2006,168,1.93,,1332
2004,Toyota,,Echo,4dr,1.3,4cyl,Normal,5,Manual,4,5,Hatch,2,Petrol 91RON,138,,,5.8,,,,,Euro 2,,,No,2006,168,1.93,,1332
2008,Honda,,Jazz,Gli,1.3,4cyl,Normal,5,Manual,4,5,Hatch,2,Petrol 91RON,138,164,122,5.8,7,5.2,,,Euro 4,80,4500,No,2014,168,1.93,,1332
2012,Honda,,Jazz,Vibe,1.3,4cyl,Normal,5,Manual,4,5,Hatch,2,Petrol 91RON,138,165,123,5.8,7,5.2,,,Euro 4,80,4500,No,2014,168,1.93,,1332
2025,Nissan,J12,Qashqai,"ST, ST-L - ICE",1.3,4cyl,Turbo,1,CVT,4,5,Wagon,2,Petrol 91RON,138,169,119,6.1,7.5,5.3,,,Euro 6,74,3750,No,2025,177,1.93,,1401
2022,Nissan,J12,Qashqai,ICE,1.3,4cyl,Turbo,1,CVT,4,5,Wagon,2,Petrol 91RON,138,169,119,6.1,7.5,5.3,,,Euro 5,75,3750,No,2025,177,1.93,,1401
2010,Nissan,K13,Micra,,1.2,3cyl,Normal,5,Manual,4,5,Hatch,2,Petrol 91RON,138,171,119,5.9,7.3,5,,,Euro 4,82,4500,No,2010,171,1.93,,1355
2010,Nissan,K13,Micra,,1.2,3cyl,Normal,5,Manual,4,5,Hatch,2,Petrol 91RON,138,171,119,5.9,7.3,5,,,Euro 4,82,4500,No,2017,171,1.93,,1355
2014,Mazda,,3,Hatch,2,4cyl,Normal,6,Manual,4,5,Hatch,2,Petrol 91RON,138,178,116,5.9,7.6,4.9,,,Euro 5,77,3750,No,2019,171,1.93,,1355
2003,Honda,,Jazz,Gli,1.3,4cyl,Normal,1,Auto,4,5,Hatch,2,Petrol 91RON,139,,,5.9,,,,,Euro 2,,,No,2005,171,1.95,,1355
2020,Kia,2021,Stonic,S,1.4,4cyl,Normal,6,Manual,4,5,Wagon,2,Petrol 91RON,139,171,120,6,7.4,5.2,,,Euro 5,79,4500,Yes,0,174,1.95,,1378
2020,Kia,2021,Stonic,Sport,1.4,4cyl,Normal,6,Manual,4,5,Wagon,2,Petrol 91RON,139,171,120,6,7.4,5.2,,,Euro 5,79,4500,Yes,0,174,1.95,,1378
2018,Toyota,,Corolla,,2,4cyl,Normal,1,CVT,4,5,Hatch,2,Petrol 91RON,139,173,118,6,7.5,5.1,,,Euro 5,77,3750,No,2022,174,1.95,,1378
2015,Suzuki,,Vitara,RT-S,1.6,4cyl,Normal,6,Auto,4,5,Hatch,2,Petrol 91RON,139,173,119,6,7.5,5.1,,,Euro 5,77,3750,No,2016,174,1.95,,1378
2015,Suzuki,,Vitara,RT-S,1.6,4cyl,Normal,6,Auto,4,5,Hatch,2,Petrol 91RON,139,173,119,6,7.5,5.1,,,Euro 5,77,3750,No,2019,174,1.95,,1378
2011,Audi,,A1,1.4 TFSI Ambition S-Tronic - Sport (136kw),1.4,4cyl,Turbo,7,Auto,2,4,Hatch,2,Petrol 91RON,139,174,119,5.9,7.5,5.1,,,Euro 5,82,3750,No,2011,171,1.95,,1355
2012,Holden,MJ,Barina Spark,CD,1.2,4cyl,Normal,4,Auto,4,5,Hatch,2,Petrol 91RON,139,182,115,5.8,7.6,4.8,,,Euro 5,77,3750,No,2016,168,1.95,,1332
2011,Hyundai,,Accent,1.6 MT,1.6,4cyl,Normal,5,Manual,4,5,Sedan,2,Petrol 91RON,139,183,113,6,7.9,4.8,,,Euro 4,82,4725,No,2013,174,1.95,,1378
2011,Hyundai,,Accent,1.6 MT,1.6,4cyl,Normal,5,Manual,4,5,Hatch,2,Petrol 91RON,139,183,113,6,7.9,4.8,,,Euro 4,82,4725,No,2013,174,1.95,,1378
2024,MG,,MG3,1.5L CVT FWD Petrol,1.5,4cyl,Normal,8,CVT,4,5,Hatch,2,Petrol 91RON,139,183,114,6,7.8,4.9,,,Euro 5,68,2500,Yes,0,174,1.95,,1378
2013,Ford,WZ,Fiesta,Trend,1.5,4cyl,Normal,5,Manual,4,5,Sedan,2,Petrol 91RON,139,192,108,5.8,8.1,4.5,,,Euro 5,73,3750,Yes,0,168,1.95,,1332
2013,Ford,WZ,Fiesta,Ambiente,1.5,4cyl,Normal,5,Manual,4,5,Sedan,2,Petrol 91RON,139,192,108,5.8,8.1,4.5,,,Euro 5,73,3750,Yes,0,168,1.95,,1332
2023,Hyundai,2024,i30,2.0 MPI,2,4cyl,Normal,1,CVT,4,5,Sedan,2,Petrol 91RON,139,194,107,6.1,8.5,4.7,,,Euro 5,83,3750,Yes,0,177,1.95,,1401
2006,Mitsubishi,RG,Colt,LS,1.5,4cyl,Normal,5,Manual,4,5,Hatch,2,Petrol 91RON,140,,,5.9,,,,,Euro 3,85,4500,No,2008,171,1.96,,1355
2006,Mitsubishi,RG,Colt,VRX,1.5,4cyl,Normal,5,Manual,4,5,Hatch,2,Petrol 91RON,140,176,118,5.9,7.4,5,,,Euro 3,85,4500,No,2010,171,1.96,,1355
2006,Mitsubishi,RG,Colt,ES,1.5,4cyl,Normal,1,Manual,4,5,Hatch,2,Petrol 91RON,140,176,118,5.9,7.4,5,,,Euro 3,85,4500,No,2010,171,1.96,,1355
2023,Kia,,Picanto,Sport AT,1.2,4cyl,Normal,4,Auto,4,5,Hatch,2,Petrol 91RON,140,179,118,6,7.7,5.1,,,Euro 5,74,3750,Yes,0,174,1.96,,1378
2023,Kia,,Picanto,GT-Line AT,1.2,4cyl,Normal,4,Auto,4,5,Hatch,2,Petrol 91RON,140,179,118,6,7.7,5.1,,,Euro 5,74,3750,Yes,0,174,1.96,,1378
2010,Mitsubishi,RG,Colt,VRX,1.5,4cyl,Normal,5,Manual,4,5,Hatch,2,Petrol 91RON,140,180,117,5.9,7.7,4.9,,,Euro 4,85,4500,No,2015,171,1.96,,1355
2012,Ford,WS,Fiesta,Metal,1.6,4cyl,Normal,5,Manual,2,5,Sedan,2,Petrol 91RON,140,181,116,6,7.8,5,,,Euro 4,85,3750,No,2013,174,1.96,,1378
2015,Hyundai,Series II,i30 Tourer,1.6 GDi,1.6,4cyl,Normal,7,Auto,4,5,Wagon,2,Petrol 91RON,140,182,115,6,7.8,4.9,,,Euro 5,78,3750,No,2016,174,1.96,,1378
2012,Hyundai,,i20,1.4,1.4,4cyl,Normal,4,Auto,2,5,Hatch,2,Petrol 91RON,140,187,113,5.9,7.9,4.7,,,Euro 4,80,3750,No,2015,171,1.96,,1355
2025,Tesla,,Model 3,RWD LR H5MRB 18 Inch wheel,0,Electric,N/A,1,N/A,4,5,Sedan,2,Pure Electric,0,,,0,,,125,750,Pure EV,,,Yes,0,86,0,,525
2023,BYD,EM2E,DOLPHIN,Dynamic,0,Electric,N/A,1,Auto,3,5,Hatch,2,Pure Electric,0,,,0,,,126,410,Pure EV,,,Yes,0,87,0,,529
2023,Lexus,,UX 300e,,0,Electric,N/A,1,Auto,4,5,Hatch,2,Pure Electric,0,,,0,,,128,560,Pure EV,,,Yes,0,88,0,,538
2023,MG,,MG4,64kWh EV RWD ,0,Electric,N/A,1,Auto,4,5,Hatch,2,Pure Electric,0,,,0,,,130,535,Pure EV,,,Yes,0,90,0,,546
2024,Chery,,Omoda E5,,0,Electric,N/A,1,Auto,4,5,SUV,2,Pure Electric,0,,,0,,,130,460,Pure EV,,,Yes,0,90,0,,546
2016,BMW,,I01,i3 BEV 94Ah,0,Electric,N/A,1,Other,4,4,Sedan,2,Pure Electric,0,,,0,,,131,300,Pure EV,48,,Yes,0,90,0,,550
2023,Tesla,,Model 3,RWD H6LRB,0,Electric,N/A,1,N/A,4,5,Sedan,2,Pure Electric,0,,,0,,,132,513,Pure EV,,,Yes,0,91,0,,554
2020,Tesla,,Model 3,StandardRange (E6RB),0,Electric,N/A,1,N/A,4,5,Sedan,2,Pure Electric,0,,,0,,,132,508,Pure EV,,,Yes,0,91,0,,554
2025,Chery,,E5,MY2025.5 E5 155kW,0,Electric,N/A,1,Auto,4,5,SUV,2,Pure Electric,0,,,0,,,132,505,Pure EV,,,Yes,0,91,0,,554
2020,Tesla,,Model 3,StandardRange (E1RB),0,Electric,N/A,1,N/A,4,5,Sedan,2,Pure Electric,0,,,0,,,132,490,Pure EV,,,Yes,0,91,0,,554
2022,Tesla,,Model 3,StandardRange (E6LRB),0,Electric,N/A,1,N/A,4,5,Sedan,2,Pure Electric,0,,,0,,,134,559,Pure EV,,,Yes,0,92,0,,563
2022,Tesla,,Model 3,RWD (E6LRB),0,Electric,N/A,1,N/A,4,5,Sedan,2,Pure Electric,0,,,0,,,134,559,Pure EV,,,Yes,0,92,0,,563
2021,Tesla,,Model 3,StandardRange (E6LRB),0,Electric,N/A,1,N/A,4,5,Sedan,2,Pure Electric,0,,,0,,,134,556,Pure EV,,,Yes,0,92,0,,563
2021,Tesla,,Model 3,LongRange (E5LDB),0,Electric,N/A,1,N/A,4,5,Sedan,4,Pure Electric,0,,,0,,,135,694,Pure EV,,,Yes,0,93,0,,567
2025,Tesla,,Model 3,RWD LR H5MRB 19 Inch wheel,0,Electric,N/A,1,N/A,4,5,Sedan,2,Pure Electric,0,,,0,,,136,691,Pure EV,,,Yes,0,94,0,,571
2022,Tesla,,Model 3,LongRange (E5LDB),0,Electric,N/A,1,N/A,4,5,Sedan,4,Pure Electric,0,,,0,,,136,681,Pure EV,,,Yes,0,94,0,,571
2018,BMW,,I01,i3 BEV 94 Ah,0,Electric,N/A,1,N/A,4,4,Sedan,2,Pure Electric,0,,,0,,,136,290,Pure EV,,,Yes,0,94,0,,571
2019,BMW,I01,i3,i3 BEV 120Ah,0,Electric,N/A,1,Other,4,4,Sedan,2,Pure Electric,0,,,0,,,137,335,Pure EV,,,Yes,0,95,0,,575
2020,Tesla,,Model 3,LongRange (E3DB),0,Electric,N/A,1,N/A,4,5,Sedan,4,Pure Electric,0,,,0,,,138,657,Pure EV,,,Yes,0,95,0,,580
2020,Tesla,,Model 3,LongRange (E5DB),0,Electric,N/A,1,N/A,4,5,Sedan,4,Pure Electric,0,,,0,,,138,657,Pure EV,,,Yes,0,95,0,,580
2025,Toyota,,bZ4X,,0,Electric,N/A,1,Auto,4,5,Wagon,2,Pure Electric,0,,,0,,,138,591,Pure EV,,,Yes,0,95,0,,580
2024,Tesla,,Model 3,RWD H6MRB,0,Electric,N/A,1,N/A,4,5,Sedan,2,Pure Electric,0,,,0,,,138,520,Pure EV,,,Yes,0,95,0,,580
2023,BYD,EK,SEAL,Dynamic,0,Electric,N/A,1,Auto,4,5,Sedan,2,Pure Electric,0,,,0,,,138,510,Pure EV,,,Yes,0,95,0,,580
2023,MG,,MG4,64kWh EV RWD LUX ,0,Electric,N/A,1,Auto,4,5,Hatch,2,Pure Electric,0,,,0,,,138,505,Pure EV,,,Yes,0,95,0,,580
2025,MINI,J01,JCW E,Hatch,0,Electric,N/A,1,Auto,2,4,Hatch,2,Pure Electric,0,,,0,,,138,400,Pure EV,,3750,Yes,0,95,0,,580
2024,ZEEKR,MY24,X,RWD,0,Electric,N/A,1,Other,4,5,SUV,2,Pure Electric,0,,,0,,,139,540,Pure EV,,,Yes,0,96,0,,584
2026,Jaecoo,2026,J5 EV 155kW,58.9kWh (Summit),0,Electric,N/A,1,Auto,4,5,Hatch,2,Pure Electric,0,,,0,,,139,461,Pure EV,,,Yes,0,96,0,,584
2023,Tesla,,Model 3,Long Range H5LDB,0,Electric,N/A,1,N/A,4,5,Sedan,4,Pure Electric,0,,,0,,,140,629,Pure EV,,,Yes,0,97,0,,588
2023,MG,,MG4,77kWh EV RWD,0,Electric,N/A,1,Auto,4,5,Hatch,2,Pure Electric,0,,,0,,,140,590,Pure EV,,,Yes,0,97,0,,588
2025,Leapmotor,,B10,Style,0,Electric,N/A,1,Auto,4,5,SUV,2,Pure Electric,0,,,0,,,140,442,Pure EV,,,Yes,0,97,0,,588
2024,Mercedes-Benz,H243,EQA Class,EQA 250+,0,Electric,N/A,1,Auto,4,5,Wagon,2,Pure Electric,0,,,0,,,141,578,Pure EV,,,Yes,0,97,0,,592
2025,Leapmotor,,B10,Design LR,0,Electric,N/A,1,Auto,4,5,SUV,2,Pure Electric,0,,,0,,,141,516,Pure EV,,,Yes,0,97,0,,592
2024,Subaru,MY24,Solterra,AWD,0,Electric,N/A,0,N/A,4,5,Wagon,4,Pure Electric,0,,,0,,,141,485,Pure EV,,,Yes,0,97,0,,592
2024,Subaru,MY24,Solterra,AWD Touring,0,Electric,N/A,0,N/A,4,5,Wagon,4,Pure Electric,0,,,0,,,141,485,Pure EV,,,Yes,0,97,0,,592
2025,MINI,J05,JCW Aceman E,Sedan,0,Electric,N/A,1,Auto,4,5,Sedan,2,Pure Electric,0,,,0,,,141,387,Pure EV,,3750,Yes,0,97,0,,592
2024,MINI,J05,Aceman,E Sedan,0,Electric,N/A,1,Auto,4,5,Sedan,2,Pure Electric,0,,,0,,,141,300,Pure EV,,3750,Yes,0,97,0,,592
2024,MINI,J05,Aceman,E,0,Electric,N/A,1,Auto,4,5,Wagon,2,Pure Electric,0,,,0,,,141,300,Pure EV,,5000,Yes,0,97,0,,592
2023,BYD,EM2E,DOLPHIN,PERFORMANCE,0,Electric,N/A,1,Auto,4,5,Hatch,2,Pure Electric,0,,,0,,,142,490,Pure EV,,,Yes,0,98,0,,596
2025,Tesla,AWD LONG RANGE,Model 3,H5MDB,0,Electric,N/A,1,N/A,4,5,Sedan,4,Pure Electric,0,,,0,,,143,660,Pure EV,,,Yes,0,99,0,,601
2022,Hyundai,,IONIQ6,LRG Range 18 inch,0,Electric,Normal,1,Auto,4,5,Sedan,2,Pure Electric,0,,,0,,,143,614,Pure EV,,,Yes,0,99,0,,601
2026,Kia,,EV4,Air RWD Standard Range,0,Electric,N/A,1,Auto,4,5,Sedan,2,Pure Electric,0,,,0,,,143,456,Pure EV,,,Yes,0,99,0,,601
2025,Hyundai,,INSTER,Electric 42kWh,0,Electric,N/A,0,N/A,4,4,SUV,2,Pure Electric,0,,,0,,,143,327,Pure EV,,,Yes,0,99,0,,601
2018,BMW,,I01,i3s BEV 94 Ah,0,Electric,N/A,1,N/A,4,4,Sedan,2,Pure Electric,0,,,0,,,143,280,Pure EV,,,Yes,0,99,0,,601
2022,Tesla,,Model 3,RWD (E6LRB),0,Electric,N/A,1,N/A,4,5,Sedan,2,Pure Electric,0,,,0,,,144,491,Pure EV,,,Yes,0,99,0,,605
2024,MINI,J05,Aceman,SE,0,Electric,N/A,1,Auto,4,5,Wagon,2,Pure Electric,0,,,0,,,144,380,Pure EV,,7000,Yes,0,99,0,,605
2024,MINI,J05,Aceman,SE Sedan,0,Electric,N/A,1,Auto,4,5,Sedan,2,Pure Electric,0,,,0,,,144,380,Pure EV,,3750,Yes,0,99,0,,605
2023,Fiat,,500e,FWD 87 kW 42 kWh,0,Electric,N/A,1,Auto,2,4,Hatch,2,Pure Electric,0,,,0,,,144,311,Pure EV,,,Yes,0,99,0,,605
2025,MG,,MGS6 EV ,77kWh EV RWD,0,Electric,N/A,1,Auto,4,5,SUV,2,Pure Electric,0,,,0,,,145,605,Pure EV,,,Yes,0,100,0,,609
2019,BMW,I01,i3,i3s BEV 120Ah,0,Electric,N/A,1,Other,4,4,Sedan,2,Pure Electric,0,,,0,,,145,329,Pure EV,,,Yes,0,100,0,,609
2026,Tesla,AWD LONG RANGE,Model Y,AWD Long Range YL5NDB,0,Electric,N/A,1,Auto,4,6,SUV,4,Pure Electric,0,,,0,,,146,681,Pure EV,68,1,Yes,0,101,0,,613
2023,BYD,EK,SEAL,PREMIUM,0,Electric,N/A,1,Auto,4,5,Sedan,2,Pure Electric,0,,,0,,,146,650,Pure EV,,,Yes,0,101,0,,613
2026,Subaru,MY26,Solterra,AWD,0,Electric,N/A,0,N/A,4,5,Wagon,4,Pure Electric,0,,,0,,,146,566,Pure EV,,,Yes,0,101,0,,613
2022,Tesla,,Model Y,RWD (SY6LR),0,Electric,N/A,1,Auto,4,5,SUV,2,Pure Electric,0,,,0,,,146,510,Pure EV,70,1,Yes,0,101,0,,613
2021,Tesla,,Model Y,(SY6LR),0,Electric,N/A,1,Auto,4,5,SUV,2,Pure Electric,0,,,0,,,146,510,Pure EV,70,1,Yes,0,101,0,,613
2025,MG,,MGS6 EV ,62.2 kWh RWD,0,Electric,N/A,1,Auto,4,5,SUV,2,Pure Electric,0,,,0,,,146,490,Pure EV,,,Yes,0,101,0,,613
2025,Zeekr,MY26,7X,Long Range RWD,0,Electric,N/A,1,Other,4,5,SUV,2,Pure Electric,0,,,0,,,147,730,Pure EV,,,Yes,0,101,0,NEDC,617
2022,Tesla,,Model 3,LongRange (E5LDB),0,Electric,N/A,1,N/A,4,5,Sedan,4,Pure Electric,0,,,0,,,147,602,Pure EV,,,Yes,0,101,0,,617
2025,Zeekr,MY26,7X,RWD,0,Electric,N/A,1,Other,4,5,SUV,2,Pure Electric,0,,,0,,,147,566,Pure EV,,,Yes,0,101,0,NEDC,617
2024,Mercedes-Benz,X243,EQB,EQB 250+,0,Electric,N/A,1,Auto,4,7,Wagon,2,Pure Electric,0,,,0,,,147,564,Pure EV,,,Yes,0,101,0,,617
2022,BYD,SC2E,ATTO 3,STANDARD,0,Electric,N/A,1,N/A,4,5,Wagon,2,Pure Electric,0,,,0,,,148,410,Pure EV,,,Yes,0,102,0,,622
2026,Kia,,EV4,EV4 Earth Long Range,0,Electric,N/A,1,Auto,4,5,Sedan,2,Pure Electric,0,,,0,,,149,612,Pure EV,,,Yes,0,103,0,,626
2026,Kia,,EV4,EV4 GT-Line Long Range,0,Electric,N/A,1,Auto,4,5,Sedan,2,Pure Electric,0,,,0,,,149,612,Pure EV,,,Yes,0,103,0,,626
2025,Kia,,EV3,Air LR,0,Electric,N/A,1,Auto,4,5,SUV,2,Pure Electric,0,,,0,,,149,604,Pure EV,,,Yes,0,103,0,,626
2022,BYD,SC2E,ATTO 3,EXTENDED,0,Electric,N/A,1,N/A,4,5,Wagon,2,Pure Electric,0,,,0,,,149,480,Pure EV,,,Yes,0,103,0,,626
2025,Kia,,EV3,Air SR,0,Electric,N/A,1,Auto,4,5,SUV,2,Pure Electric,0,,,0,,,149,436,Pure EV,,,Yes,0,103,0,,626
2024,MINI,J01,Cooper,E,0,Electric,N/A,1,Auto,2,4,Hatch,2,Pure Electric,0,,,0,,,150,271,Pure EV,,4000,Yes,0,103,0,,630
2024,MINI,J01,Cooper E,Hatch,0,Electric,N/A,1,Auto,2,4,Hatch,2,Pure Electric,0,,,0,,,150,271,Pure EV,,3750,Yes,0,103,0,,630
2024,MINI,J01,Cooper,SE,0,Electric,N/A,1,Auto,2,4,Hatch,2,Pure Electric,0,,,0,,,151,362,Pure EV,,5500,Yes,0,104,0,,634
2024,MINI,J01,Cooper SE,Hatch,0,Electric,N/A,1,Auto,2,4,Hatch,2,Pure Electric,0,,,0,,,151,362,Pure EV,,3750,Yes,0,104,0,,634
2025,Hyundai,,INSTER,Electric Extended Range 49kWh,0,Electric,N/A,0,N/A,4,4,SUV,2,Pure Electric,0,,,0,,,151,360,Pure EV,,,Yes,0,104,0,,634
2025,Hyundai,,INSTER,Electric Cross Extended Range 49kWh,0,Electric,N/A,0,N/A,4,4,SUV,2,Pure Electric,0,,,0,,,151,360,Pure EV,,,Yes,0,104,0,,634
2023,Lexus,,RZ 450e,,0,Electric,N/A,1,Auto,4,5,Wagon,4,Pure Electric,0,,,0,,,152,470,Pure EV,,,Yes,0,105,0,,638
2023,MG,,MG4,64kWh EV 4WD,0,Electric,N/A,1,Auto,4,5,Hatch,4,Pure Electric,0,,,0,,,152,460,Pure EV,,,Yes,0,105,0,,638
2025,Alfa Romeo,,Junior,Elettrica,0,Electric,N/A,1,Auto,4,5,SUV,2,Pure Electric,0,,,0,,,152,407,Pure EV,,,Yes,0,105,0,,638
2025,Deepal,MY25,E07,E07 RWD,0,Electric,N/A,0,N/A,4,5,Wagon,2,Pure Electric,0,,,0,,,153,640,Pure EV,,,Yes,0,106,0,,643
2025,Tesla,,Model Y,RWD YS6MRB,0,Electric,N/A,1,Auto,4,5,SUV,2,Pure Electric,0,,,0,,,153,466,Pure EV,68,1,Yes,0,106,0,,643
2021,Tesla,,Model Y,LongRange (LY5LD),0,Electric,N/A,1,Auto,4,5,SUV,4,Pure Electric,0,,,0,,,154,612,Pure EV,68,1,Yes,0,106,0,,647
2024,ZEEKR,MY24,X,AWD,0,Electric,N/A,1,Other,4,5,SUV,4,Pure Electric,0,,,0,,,155,470,Pure EV,,,Yes,0,107,0,,651
2025,BYD,,Atto 1,Essential,0,Electric,N/A,1,Auto,4,4,Hatch,2,Pure Electric,0,,,0,,,155,220,Pure EV,,,Yes,0,107,0,,651
2025,BYD,EQE,Atto 1,Essential,0,Electric,N/A,1,Auto,4,4,Hatch,2,Pure Electric,0,,,0,,,155,220,Pure EV,,,Yes,0,107,0,,651
2021,Tesla,,Model Y,Performance (PY5LD),0,Electric,N/A,1,Auto,4,5,SUV,4,Pure Electric,0,,,0,,,156,604,Pure EV,68,1,Yes,0,108,0,,655
2024,Renault,,Megane E-Tech,Techno EV60,0,Electric,N/A,1,Auto,4,5,Hatch,2,Pure Electric,0,,,0,,,156,454,Pure EV,,,Yes,0,108,0,,655
2024,Hyundai,2025,IONIQ5,STD 19inch,0,Electric,N/A,1,Auto,4,5,SUV,2,Pure Electric,0,,,0,,,156,440,Pure EV,,,Yes,0,108,0,,655
2024,Jeep,,Avenger,Longitude,0,Electric,N/A,1,Auto,4,5,SUV,2,Pure Electric,0,,,0,,,156,396,Pure EV,,,Yes,0,108,0,,655
2024,Jeep,,Avenger,Limited,0,Electric,N/A,1,Auto,4,5,SUV,2,Pure Electric,0,,,0,,,156,396,Pure EV,,,Yes,0,108,0,,655
2020,Tesla,,Model 3,Performance (E3DP),0,Electric,N/A,1,N/A,4,5,Sedan,4,Pure Electric,0,,,0,,,157,628,Pure EV,,,Yes,0,108,0,,659
2022,Tesla,,Model 3,Performance (E5LDP),0,Electric,N/A,1,N/A,4,5,Sedan,4,Pure Electric,0,,,0,,,157,615,Pure EV,,,Yes,0,108,0,,659
2024,BMW,U11,X1,iX1 eDrive20,0,Electric,N/A,1,Auto,4,5,Wagon,2,Pure Electric,0,,,0,,,157,464,Pure EV,,4000,Yes,0,108,0,,659
2022,Tesla,,Model Y,RWD (SY6LR),0,Electric,N/A,1,N/A,4,5,SUV,2,Pure Electric,0,,,0,,,157,455,Pure EV,,,Yes,0,108,0,,659
2025,Polestar,,2,220kW Long Range Single Motor,0,Electric,N/A,1,N/A,4,5,Sedan,2,Pure Electric,0,,,0,,,158,659,Pure EV,,,Yes,0,109,0,,664
2025,Polestar,,2,200kW Standard Range Single Motor,0,Electric,N/A,1,N/A,4,5,Sedan,2,Pure Electric,0,,,0,,,158,554,Pure EV,,,Yes,0,109,0,,664
2025,Tesla,,Model Y,AWD YS5LDB,0,Electric,N/A,1,Auto,4,5,SUV,4,Pure Electric,0,,,0,,,158,551,Pure EV,69,1,Yes,0,109,0,,664
2025,Geely,,EX5,Complete,0,Electric,N/A,1,Auto,4,5,SUV,2,Pure Electric,0,,,0,,,158,430,Pure EV,,,Yes,0,109,0,,664
2024,Jeep,,Avenger,Summit,0,Electric,N/A,1,Auto,4,5,SUV,2,Pure Electric,0,,,0,,,158,390,Pure EV,,,Yes,0,109,0,,664
2025,Tesla,AWD LONG RANGE,Model Y,YS5MDB,0,Electric,N/A,1,Auto,4,5,SUV,4,Pure Electric,0,,,0,,,159,600,Pure EV,,,Yes,0,110,0,,668
2025,Kia,PE,EV6,Air RWD Long Range,0,Electric,N/A,1,Other,4,5,Wagon,2,Pure Electric,0,,,0,,,159,582,Pure EV,,,Yes,0,110,0,,668
2025,Skoda,MY25,Enyaq,Coupe SportLine,0,Electric,N/A,1,Auto,4,5,SUV,2,Pure Electric,0,,,0,,,159,561,Pure EV,,,Yes,0,110,0,,668
2025,Skoda,MY26,Enyaq,SUV Sportline,0,Electric,N/A,1,Auto,4,5,SUV,2,Pure Electric,0,,,0,,,159,548,Pure EV,,,Yes,0,110,0,,668
2024,XPENG,G6,G6,STANDARD 18 inch,0,Electric,N/A,1,Auto,4,5,Sedan,2,Pure Electric,0,,,0,,,159,525,Pure EV,,,Yes,0,110,0,,668
2024,Mercedes-Benz,H243,EQA Class,EQA 350 4MATIC,0,Electric,N/A,1,Auto,4,5,Wagon,4,Pure Electric,0,,,0,,,159,489,Pure EV,,,Yes,0,110,0,,668
2021,Kia,2021,Niro,S,0,Electric,N/A,1,Other,4,5,Wagon,2,Pure Electric,0,,,0,,,159,455,Pure EV,,,Yes,0,110,0,,668
2021,Kia,2021,Niro,Sport,0,Electric,N/A,1,Other,4,5,Wagon,2,Pure Electric,0,,,0,,,159,455,Pure EV,,,Yes,0,110,0,,668
2017,Renault,,Kangoo,ZE,0,Electric,N/A,0,N/A,3,2,Van,2,Pure Electric,0,,,0,,,159,264,Pure EV,,,Yes,0,110,0,,668
2025,MG,,IM IM5,100kWh EV RWD,0,Electric,N/A,1,Auto,4,5,Hatch,2,Pure Electric,0,,,0,,,160,710,Pure EV,,,Yes,0,110,0,,672
2024,Hyundai,2025,IONIQ5,LR 19inch,0,Electric,N/A,1,Auto,4,5,SUV,2,Pure Electric,0,,,0,,,160,570,Pure EV,,,Yes,0,110,0,,672
2025,MG,,MGS6 EV ,77kWh EV AWD ,0,Electric,N/A,1,Auto,4,5,SUV,4,Pure Electric,0,,,0,,,160,550,Pure EV,,,Yes,0,110,0,,672
2026,Subaru,MY26,Solterra,AWD Touring,0,Electric,N/A,0,N/A,4,5,Wagon,4,Pure Electric,0,,,0,,,160,517,Pure EV,,,Yes,0,110,0,,672
2025,Toyota,,bZ4X,,0,Electric,N/A,1,Auto,4,5,Wagon,4,Pure Electric,0,,,0,,,160,517,Pure EV,,,Yes,0,110,0,,672
2026,Geely,,EX5,Complete Extended Range,0,Electric,N/A,1,Auto,4,5,SUV,2,Pure Electric,0,,,0,,,160,475,Pure EV,,,Yes,0,110,0,,672
2025,BYD,,Atto 1,Premium,0,Electric,N/A,1,Auto,4,4,Hatch,2,Pure Electric,0,,,0,,,160,310,Pure EV,,,Yes,0,110,0,,672
2025,BYD,EQE,Atto 1,Premium,0,Electric,N/A,1,Auto,4,4,Hatch,2,Pure Electric,0,,,0,,,160,310,Pure EV,,,Yes,0,110,0,,672
2026,MG,,MG4 EV Urban,Essence 54,0,Electric,N/A,1,Auto,4,5,Hatch,2,Pure Electric,0,,,0,,,161,405,Pure EV,,,Yes,0,111,0,WLTP (4-Phase),676
2023,Peugeot,,2008,e2008 GT,0,Electric,N/A,1,Auto,4,5,SUV,2,Pure Electric,0,,,0,,,161,328,Pure EV,,,Yes,0,111,0,,676
2024,Porsche,,Macan Electric,,0,Electric,N/A,0,N/A,4,5,SUV,2,Pure Electric,0,,,0,,,162,654,Pure EV,,,No,2026,112,0,,680
2024,XPENG,G6,G6,Long Range,0,Electric,N/A,1,Auto,4,5,Sedan,2,Pure Electric,0,,,0,,,162,625,Pure EV,,,Yes,0,112,0,,680
2025,Tesla,,Model Y,Performance YS5MDP,0,Electric,N/A,1,Auto,4,5,SUV,4,Pure Electric,0,,,0,,,162,580,Pure EV,,,Yes,0,112,0,,680
2025,Kia,,EV3,Earth LR,0,Electric,N/A,1,Auto,4,5,SUV,2,Pure Electric,0,,,0,,,162,563,Pure EV,,,Yes,0,112,0,,680
2025,Kia,,EV3,GT-Line LR,0,Electric,N/A,1,Auto,4,5,SUV,2,Pure Electric,0,,,0,,,162,563,Pure EV,,,Yes,0,112,0,,680
2025,Volkswagen,MY26,ID.5,PRO 210KW,0,Electric,N/A,1,Auto,4,5,SUV,2,Pure Electric,0,,,0,,,162,544,Pure EV,,,Yes,0,112,0,,680
2025,Volkswagen,MY25,ID.5,PRO 210KW,0,Electric,N/A,1,Auto,4,5,SUV,2,Pure Electric,0,,,0,,,162,543,Pure EV,,,Yes,0,112,0,,680
2021,Mercedes-Benz,H243,EQA Class,EQA250,0,Electric,N/A,1,Auto,4,5,Wagon,2,Pure Electric,0,,,0,,,162,524,Pure EV,,,Yes,0,112,0,,680
2024,XPENG,G6,G6,STANDARD 20 inch,0,Electric,N/A,1,Auto,4,5,Sedan,2,Pure Electric,0,,,0,,,162,505,Pure EV,,,Yes,0,112,0,,680
2025,Mercedes-Benz,H243,EQA Class,EQA 250+,0,Electric,N/A,1,Auto,4,5,Wagon,2,Pure Electric,0,,,0,,,162,503,Pure EV,,,Yes,0,112,0,,680
2021,Mercedes-Benz,H243,EQA Class,EQA250,0,Electric,N/A,1,Auto,4,5,Wagon,2,Pure Electric,0,,,0,,,162,480,Pure EV,,,Yes,0,112,0,,680
2022,Kia,2022,Niro,EV,1.6,4cyl,N/A,1,Auto,4,5,SUV,2,Pure Electric,0,,,0,,,162,460,Pure EV,,,Yes,0,112,0,,680
2020,MG,,ZS EV,,0,Electric,N/A,1,N/A,4,5,SUV,2,Pure Electric,0,,,0,,,162,320,Pure EV,,,Yes,0,112,0,,680
2023,Mercedes-Benz,V295,EQE,300,0,Electric,N/A,1,Auto,4,5,Sedan,2,Pure Electric,0,,,0,,,163,626,Pure EV,,,Yes,0,112,0,,685
2023,Mercedes-Benz,V295,EQE Class,EQE 300,0,Electric,N/A,1,Auto,4,5,Sedan,2,Pure Electric,0,,,0,,,163,626,Pure EV,,,Yes,0,112,0,,685
2025,Volkswagen,MY26,ID.4,PRO 210KW,0,Electric,N/A,1,Auto,4,5,SUV,2,Pure Electric,0,,,0,,,163,547,Pure EV,,,Yes,0,112,0,,685
2025,Cupra,MY25,Tavascan,Endurance 210kW,0,Electric,N/A,1,Auto,4,5,SUV,2,Pure Electric,0,,,0,,,163,534,Pure EV,,,Yes,0,112,0,,685
2025,Cupra,MY25,Tavascan,Endurance with Interior Package 210kW,0,Electric,N/A,1,Auto,4,5,SUV,2,Pure Electric,0,,,0,,,163,534,Pure EV,,,Yes,0,112,0,,685
2025,Skoda,MY25,Enyaq,Coupe RS,0,Electric,N/A,1,Auto,4,5,SUV,4,Pure Electric,0,,,0,,,163,530,Pure EV,,,No,2026,112,0,,685
2025,Leapmotor,,C10, Style/Design BEV,0,Electric,N/A,1,Auto,4,5,SUV,2,Pure Electric,0,,,0,,,163,480,Pure EV,,,Yes,0,112,0,,685
2024,Smart,,#3,Premium,0,Electric,N/A,1,Auto,4,5,Hatch,2,Pure Electric,0,,,0,,,163,455,Pure EV,,,Yes,0,112,0,,685
2023,BYD,EK,SEAL,PERFORMANCE,0,Electric,N/A,1,Auto,4,5,Sedan,4,Pure Electric,0,,,0,,,164,580,Pure EV,,,Yes,0,113,0,,689
2025,Tesla,AWD PERFORMANCE,Model 3,H5MDP,0,Electric,N/A,1,Auto,4,5,Sedan,4,Pure Electric,0,,,0,,,165,571,Pure EV,,,Yes,0,114,0,,693
2023,BMW,G60,5 Series,i5 eDrive40,0,Electric,N/A,1,Auto,4,5,Sedan,2,Pure Electric,0,,,0,,,165,550,Pure EV,,,Yes,0,114,0,,693
2022,Tesla,,Model 3,Performance (E5LDP),0,Electric,N/A,1,N/A,4,5,Sedan,4,Pure Electric,0,,,0,,,165,547,Pure EV,,,Yes,0,114,0,,693
2026,Skoda,MY26,Elroq,SELECT 85,0,Electric,N/A,1,Auto,4,5,SUV,2,Pure Electric,0,,,0,,,165,529,Pure EV,,,Yes,0,114,0,,693
2022,Kia,,EV6,Air RWD,0,Electric,N/A,1,Other,4,5,Wagon,2,Pure Electric,0,,,0,,,165,528,Pure EV,,,Yes,0,114,0,,693
2023,GWM,,Ora,Extended Range,0,Electric,N/A,1,Auto,4,5,Hatch,2,Pure Electric,0,,,0,,,165,420,Pure EV,,,Yes,0,114,0,,693
2026,MG,,MG4 EV Urban,Essence 43,0,Electric,N/A,1,Auto,4,5,Hatch,2,Pure Electric,0,,,0,,,165,316,Pure EV,,,Yes,0,114,0,WLTP (4-Phase),693
2025,Zeekr,MY26,7X,Performance AWD,0,Electric,N/A,1,Other,4,5,SUV,4,Pure Electric,0,,,0,,,166,635,Pure EV,,,Yes,0,115,0,NEDC,697
2025,Deepal,MY25,E07,E07 AWD,0,Electric,N/A,0,N/A,4,5,Wagon,4,Pure Electric,0,,,0,,,166,590,Pure EV,,,Yes,0,115,0,,697
2025,Skoda,MY25,Elroq,210KW SELECT,0,Electric,N/A,1,Auto,4,5,SUV,2,Pure Electric,0,,,0,,,166,540,Pure EV,,,Yes,0,115,0,,697
2025,Skoda,MY25,Elroq,210KW SPORTLINE,0,Electric,N/A,1,Auto,4,5,SUV,2,Pure Electric,0,,,0,,,166,540,Pure EV,,,Yes,0,115,0,,697
2025,Cupra,MY25.5,Tavascan,Endurance 210kW,0,Electric,N/A,1,Auto,4,5,Wagon,2,Pure Electric,0,,,0,,,166,531,Pure EV,,,Yes,0,115,0,,697
2025,Cupra,MY25.5,Tavascan,Endurance with Interior Package 210kW,0,Electric,N/A,1,Auto,4,5,Wagon,2,Pure Electric,0,,,0,,,166,531,Pure EV,,,Yes,0,115,0,,697
2022,Kia,,Niro Plus,EV,0,Electric,N/A,1,Auto,4,5,Wagon,2,Pure Electric,0,,,0,,,166,427,Pure EV,,,Yes,0,115,0,,697
2026,Skoda,MY26,Enyaq,SUV 60 Select,0,Electric,N/A,1,Auto,4,5,SUV,2,Pure Electric,0,,,0,,,166,410,Pure EV,,,Yes,0,115,0,,697
2025,Geely,,EX5,Inspire,0,Electric,N/A,1,Auto,4,5,SUV,2,Pure Electric,0,,,0,,,166,410,Pure EV,,,Yes,0,115,0,,697
2025,Skoda,MY26,Enyaq,SUV 60 Select,0,Electric,N/A,1,Auto,4,5,SUV,2,Pure Electric,0,,,0,,,166,410,Pure EV,,,No,2026,115,0,,697
2025,MG,,MGS5 EV ,49kWh EV RWD Excite,0,Electric,N/A,1,Auto,4,5,SUV,2,Pure Electric,0,,,0,,,166,340,Pure EV,,,Yes,0,115,0,,697
2020,Tesla,,Model S,LongRange (SA3EB),0,Electric,N/A,1,N/A,4,5,Hatch,4,Pure Electric,0,,,0,,,167,722,Pure EV,,,Yes,0,115,0,,701
2025,Volkswagen,MY25,ID.4,PRO 210KW,0,Electric,N/A,1,Auto,4,5,SUV,2,Pure Electric,0,,,0,,,167,544,Pure EV,,,Yes,0,115,0,,701
2024,Tesla,AWD PERFORMANCE,Model 3,H5LDP,0,Electric,N/A,1,Auto,4,5,Sedan,4,Pure Electric,0,,,0,,,167,528,Pure EV,,,Yes,0,115,0,,701
2022,Mercedes-Benz,X243,EQB,EQB 250 ,0,Electric,N/A,1,Auto,4,5,Wagon,2,Pure Electric,0,,,0,,,167,507,Pure EV,,,Yes,0,115,0,,701
2022,Mercedes-Benz,X243,EQB,EQB 250 ,0,Electric,N/A,1,Auto,4,7,Wagon,2,Pure Electric,0,,,0,,,167,507,Pure EV,,,Yes,0,115,0,,701
2024,Leapmotor,,C10, Style/Design BEV,0,Electric,N/A,1,Auto,4,5,SUV,2,Pure Electric,0,,,0,,,167,477,Pure EV,,,Yes,0,115,0,,701
2023,GWM,,Ora,Standard Range,0,Electric,N/A,1,Auto,4,5,Hatch,2,Pure Electric,0,,,0,,,167,310,Pure EV,,,Yes,0,115,0,,701
2024,Hyundai,2025,IONIQ5,LR 19inch,0,Electric,N/A,1,Auto,4,5,SUV,4,Pure Electric,0,,,0,,,168,546,Pure EV,,,Yes,0,116,0,,706
2026,Skoda,MY26,Enyaq,Coupe RS,0,Electric,N/A,1,Auto,4,5,SUV,4,Pure Electric,0,,,0,,,168,534,Pure EV,,,Yes,0,116,0,,706
2025,Audi,MY26,Q4 e-tron,45 Sportback,0,Electric,N/A,1,Auto,4,5,SUV,2,Pure Electric,0,,,0,,,168,531,Pure EV,,,Yes,0,116,0,,706
2024,Smart,,#1,Premium,0,Electric,N/A,1,Auto,4,5,Hatch,2,Pure Electric,0,,,0,,,168,440,Pure EV,,,Yes,0,116,0,,706
2024,Smart,,#3,Pro+,0,Electric,N/A,1,Auto,4,5,Hatch,2,Pure Electric,0,,,0,,,168,435,Pure EV,,,Yes,0,116,0,,706
2023,GWM,,Ora,Extended Range GT,0,Electric,N/A,1,N/A,4,5,Hatch,2,Pure Electric,0,,,0,,,168,400,Pure EV,,,Yes,0,116,0,,706
2025,Kia,PE,EV6,GT-Line RWD,0,Electric,N/A,1,Other,4,5,Wagon,2,Pure Electric,0,,,0,,,169,560,Pure EV,,,Yes,0,117,0,,710
2024,Audi,,Q4 e-tron,45 Sportback,0,Electric,N/A,1,Auto,4,5,SUV,2,Pure Electric,0,,,0,,,169,540,Pure EV,,,Yes,0,117,0,,710
2022,Tesla,,Model Y,LongRange (LY5LD),0,Electric,N/A,1,N/A,4,5,SUV,4,Pure Electric,0,,,0,,,169,533,Pure EV,,,Yes,0,117,0,,710
2025,Volkswagen,MY26,ID.5,GTX 250KW,0,Electric,N/A,1,Auto,4,5,SUV,4,Pure Electric,0,,,0,,,169,526,Pure EV,,,Yes,0,117,0,,710
2022,Hyundai,,IONIQ6,LRG Range 20 inch,0,Electric,N/A,1,Auto,4,5,Sedan,4,Pure Electric,0,,,0,,,169,519,Pure EV,,,Yes,0,117,0,,710
2026,Geely,,EX5,Inspire Extended Range,0,Electric,N/A,1,Auto,4,5,SUV,2,Pure Electric,0,,,0,,,169,450,Pure EV,,,Yes,0,117,0,,710
2025,MG,,MGS5 EV ,62kWh EV RWD Excite,0,Electric,N/A,1,Auto,4,5,SUV,2,Pure Electric,0,,,0,,,169,430,Pure EV,,,Yes,0,117,0,,710
2025,MG,,MGS5 EV ,49kWh EV RWD Essence,0,Electric,N/A,1,Auto,4,5,SUV,2,Pure Electric,0,,,0,,,169,335,Pure EV,,,Yes,0,117,0,,710
2024,Porsche,,Macan Electric,Macan Base 4,0,Electric,N/A,0,N/A,4,5,SUV,4,Pure Electric,0,,,0,,,170,624,Pure EV,,,No,2026,117,0,,714
2025,BYD,,SEALION 7,Premium,0,Electric,N/A,1,Auto,4,5,Wagon,2,Pure Electric,0,,,0,,,170,567,Pure EV,,,Yes,0,117,0,,714
2024,Hyundai,2025,IONIQ5,LR 20inch,0,Electric,N/A,1,Auto,4,5,SUV,2,Pure Electric,0,,,0,,,170,530,Pure EV,,,Yes,0,117,0,,714
2025,Volkswagen,MY25,ID.5,GTX 250KW,0,Electric,N/A,1,Auto,4,5,SUV,4,Pure Electric,0,,,0,,,170,522,Pure EV,,,Yes,0,117,0,,714
2025,BYD,,Atto 2,Dynamic,0,Electric,N/A,1,Auto,4,5,Wagon,2,Pure Electric,0,,,0,,,170,345,Pure EV,,,Yes,0,117,0,,714
2025,BYD,,Atto 2,Premium,0,Electric,N/A,1,Auto,4,5,Wagon,2,Pure Electric,0,,,0,,,170,345,Pure EV,,,Yes,0,117,0,,714
2024,Porsche,,Macan Electric,Macan 4S,0,Electric,N/A,0,N/A,4,5,SUV,4,Pure Electric,0,,,0,,,171,619,Pure EV,,,No,2026,118,0,,718
2024,Porsche,,Taycan,,0,Electric,N/A,2,Other,4,5,Coupe,2,Pure Electric,0,,,0,,,171,566,Pure EV,,,No,2026,118,0,,718
2022,Mercedes-Benz,H243,EQA Class,EQA350 4MATIC,0,Electric,N/A,1,Auto,4,5,Wagon,4,Pure Electric,0,,,0,,,171,464,Pure EV,,,Yes,0,118,0,,718
2024,BMW,U10,iX2,eDrive20,0,Electric,N/A,1,Auto,4,5,Wagon,4,Pure Electric,0,,,0,,,171,427,Pure EV,,3750,Yes,0,118,0,,718
2025,MG,,MGS5 EV ,62kWh EV RWD Essence,0,Electric,N/A,1,Auto,4,5,SUV,2,Pure Electric,0,,,0,,,171,425,Pure EV,,,Yes,0,118,0,,718
2022,MG,,ZS EV,,0,Electric,N/A,1,Auto,4,5,SUV,2,Pure Electric,0,,,0,,,171,360,Pure EV,,,Yes,0,118,0,,718
2022,Nissan,ZE1,Leaf,,0,Electric,N/A,1,Auto,4,5,Hatch,2,Pure Electric,0,,,0,,,171,311,Pure EV,,,Yes,0,118,0,,718
2020,Tesla,,Model S,SA3EP Performance,0,Electric,N/A,1,N/A,4,5,Hatch,4,Pure Electric,0,,,0,,,172,704,Pure EV,,,Yes,0,119,0,,722
2024,Porsche,,Macan Electric,Macan Turbo,0,Electric,N/A,0,N/A,4,5,SUV,4,Pure Electric,0,,,0,,,172,616,Pure EV,,,No,2026,119,0,,722
2024,Mercedes-Benz,X294,EQE SUV,300 SUV,0,Electric,N/A,1,Auto,4,5,SUV,2,Pure Electric,0,,,0,,,172,606,Pure EV,,,Yes,0,119,0,,722
2025,Polestar,,2,310kW Long Range Dual Motor,0,Electric,N/A,1,N/A,4,5,Sedan,4,Pure Electric,0,,,0,,,172,596,Pure EV,,,Yes,0,119,0,,722
2025,Polestar,,2,350kW Long Range Dual Motor Performance Pack,0,Electric,N/A,1,N/A,4,5,Sedan,4,Pure Electric,0,,,0,,,172,568,Pure EV,,,Yes,0,119,0,,722
2026,Skoda,MY26,Enyaq,SUV RS,0,Electric,N/A,1,Auto,4,5,SUV,4,Pure Electric,0,,,0,,,172,523,Pure EV,,,Yes,0,119,0,,722
2025,Volkswagen,MY26,ID.4,GTX 250KW,0,Electric,N/A,1,Auto,4,5,SUV,4,Pure Electric,0,,,0,,,172,516,Pure EV,,,Yes,0,119,0,,722
2024,Hyundai,2025,IONIQ5,N Line,0,Electric,N/A,1,Auto,4,5,SUV,2,Pure Electric,0,,,0,,,172,515,Pure EV,,,Yes,0,119,0,,722
2025,Volkswagen,MY25,ID.4,GTX 250KW,0,Electric,N/A,1,Auto,4,5,SUV,4,Pure Electric,0,,,0,,,172,511,Pure EV,,,Yes,0,119,0,,722
2022,Kia,,EV6,GT-Line RWD,0,Electric,N/A,1,Other,4,5,Wagon,2,Pure Electric,0,,,0,,,172,504,Pure EV,,,Yes,0,119,0,,722
2024,MINI,U25,Countryman,E,0,Electric,N/A,1,Auto,4,5,Wagon,2,Pure Electric,0,,,0,,,172,422,Pure EV,,,Yes,0,119,0,,722
2025,MG,,IM IM5,100kWh EV RWD Lux,0,Electric,N/A,1,Auto,4,5,Hatch,2,Pure Electric,0,,,0,,,173,655,Pure EV,,,Yes,0,119,0,,727
2023,Ford,,Mach-E,Premium 4P RWD,0,Electric,N/A,1,CVT,4,5,SUV,2,Pure Electric,0,,,0,,,173,600,Pure EV,67,1200,Yes,0,119,0,,727